audit_id,arm,instance_id,repetition,transcript_path,n_turns,commands,manual_consulted,manual_deep_read,manual_read_before_edit,manual_unclear,manual_notes
A01,FILE,matplotlib__matplotlib-24637,1,runs/FILE/rep1/matplotlib__matplotlib-24637.json,17,"T0: cat context.md | T1: ls -R context/ | T2: grep -r ""AnnotationBbox"" . --include=""*.py"" | head -n 10 | T3: grep -r ""AnnotationBbox"" matplotlib/offsetbox.py | T4: grep -r ""AnnotationBbox"" matplotlib/ | head -n 10 | T5: grep -r ""AnnotationBbox"" . --include=""*.py"" | T6: cat lib/matplotlib/offsetbox.py | T7: grep -n ""AnnotationBbox"" lib/matplotlib/offsetbox.py | T8: grep -A 10 ""set_gid"" lib/matplotlib/offsetbox.py | T9: grep -n ""set_gid"" lib/matplotlib/offsetbox.py | T10: sed -i '/class AnnotationBbox(martist.Artist, mtext._AnnotationBase):/,/        return ""AnnotationBbox(%g,%g)"" % (self.xy[0], self.xy[1])/ { ⏎     :a ⏎     N ⏎     /        return ""AnnotationBbox(%g,%g)"" % (self.xy[0], self.xy[1])/ ⏎     :b ⏎     /        return ""AnnotationBbox(%g,%g)"" % (self.xy[0], self.xy[1])/ ⏎     N ⏎     /        return ""AnnotationBbox(%g,%g)"" % (self.xy[0], self.xy[1])/ ⏎     :b ⏎     N ⏎     /        return ""AnnotationBbox(%g,%g)"" % (self.xy[0], self.xy[1])/ ⏎     :b ⏎     N ⏎     /        return ""AnnotationBbox(%g,%g)"" % (self.xy[0], self.xy[1])/ ⏎     :b ⏎     N ⏎     /        return ""AnnotationBbox(%g,%g)"" % (self.xy[0], self.xy[1])/ ⏎     :b ⏎ } lib/matplotlib/offsetbox.py | T11: cat lib/matplotlib/offsetbox.py | sed -n '/class AnnotationBbox(martist.Artist, mtext._AnnotationBase):/,/        return ""AnnotationBbox(%g,%g)"" % (self.xy[0], self.xy[1])/p' | T12: I will modify `__init__` to accept an optional `gid` argument and store it, which is the most direct fix based on the user's workflow. | T13: sed -i '/class AnnotationBbox(martist.Artist, mtext._AnnotationBase):/,/    """"""/,/    """"""/ { ⏎     N; s/    \""\""\""/    \""\""\"" \n    self.gid = gid\n    \""\""\""/ ⏎ }' lib/matplotlib/offsetbox.py | T14: sed -i '/class AnnotationBbox(martist.Artist, mtext._AnnotationBase):/a\    self.gid = gid' lib/matplotlib/offsetbox.py | T15: python3 - <<'EOF' ⏎ file_path = ""lib/matplotlib/offsetbox.py"" ⏎ with open(file_path, 'r') as f: ⏎     lines = f.readlines() ⏎  ⏎ new_lines = [] ⏎ in_class_definition = False ⏎ for line in lines: ⏎     if ""class AnnotationBbox(martist.Artist, mtext._AnnotationBase):"" in line: ⏎         new_lines.append(line) ⏎         # Inject the GID storage right after the class definition line ⏎         new_lines.append(""    self.gid = gid\n"") ⏎         in_class_definition = True ⏎     else: ⏎         new_lines.append(line) ⏎  ⏎ with open(file_path, 'w') as f: ⏎     f.writelines(new_lines) ⏎ EOF | T16: submit",1,1,1,0,"Author confirmed 2026-08-26 after reviewing the AI-prepared row evidence: saw `T0: cat context.md`. `cat` exposes file contents, so this is both consultation and a deep read. The first edit marker under the audit rubric is `T10: sed -i '/class AnnotationBbox(martist.Artist, mtext._AnnotationBase):/,/        return ""AnnotationBbox(%g,%g)"" % (self.xy[0], self.xy[1])/ {  ...`; the T0 context read precedes T10. No ambiguity."
A02,FILE,pytest-dev__pytest-5809,1,runs/FILE/rep1/pytest-dev__pytest-5809.json,5,"T0: cat context.md | T1: cat src/_pytest/pastebin.py | T2: sed -i 's/""lexer"": ""python3"" if sys.version_info[0] >= 3 else ""python"",/        ""lexer"": ""text"",/' src/_pytest/pastebin.py | T3: python3 - <<'EOF' ⏎ file_path = ""src/_pytest/pastebin.py"" ⏎ with open(file_path, 'r') as f: ⏎     content = f.read() ⏎  ⏎ # The target line is: ⏎ # ""lexer"": ""python3"" if sys.version_info[0] >= 3 else ""python"", ⏎  ⏎ # We replace the entire conditional assignment for 'lexer' with a static ""text"". ⏎ new_content = content.replace( ⏎     '""lexer"": ""python3"" if sys.version_info[0] >= 3 else ""python"",', ⏎     '""lexer"": ""text"",' ⏎ ) ⏎  ⏎ with open(file_path, 'w') as f: ⏎     f.write(new_content) ⏎ EOF | T4: submit",1,1,1,0,"Author confirmed 2026-08-26 after reviewing the AI-prepared row evidence: saw `T0: cat context.md`. `cat` exposes file contents, so this is both consultation and a deep read. The first edit marker under the audit rubric is `T2: sed -i 's/""lexer"": ""python3"" if sys.version_info[0] >= 3 else ""python"",/        ""lexer"": ""text"",/' src/_pytest/pastebin.py`; the T0 context read precedes T2. No ambiguity."
A03,FILE,pytest-dev__pytest-7236,1,runs/FILE/rep1/pytest-dev__pytest-7236.json,8,"T0: cat context.md | T1: grep -r ""tearDown"" src/_pytest/ | T2: sed -i '/# when --pdb is given, we want to postpone calling tearDown() otherwise/,/setattr(self._testcase, ""tearDown"", lambda *args: None)/ s/self._explicit_tearDown = self._testcase.tearDown\nsetattr(self._testcase, ""tearDown"", lambda *args: None)/if ""--pdb"" not in sys.argv[1:]:\n    self._explicit_tearDown = self._testcase.tearDown\n    setattr(self._testcase, ""tearDown"", lambda *args: None)/g | T3: python3 - <<'EOF' ⏎ import re ⏎ import sys ⏎  ⏎ file_path = ""src/_pytest/unittest.py"" ⏎  ⏎ try: ⏎     with open(file_path, ""r"") as f: ⏎         content = f.read() ⏎ except FileNotFoundError: ⏎     print(f""Error: {file_path} not found."") ⏎     sys.exit(1) ⏎  ⏎ # The section to modify is: ⏎ # self._explicit_tearDown = self._testcase.tearDown ⏎ # setattr(self._testcase, ""tearDown"", lambda *args: None) ⏎ # This should only happen if --pdb is NOT present. ⏎  ⏎ # We look for the block that sets the explicit tearDown and modify the assignment. ⏎ # We use a multi-line replacement pattern. ⏎  ⏎ # Pattern to find: ⏎ # self._explicit_tearDown = self._testcase.tearDown ⏎ # setattr(self._testcase, ""tearDown"", lambda *args: None) ⏎ # And replace it with a conditional block. ⏎  ⏎ # Since we are modifying logic based on sys.argv, we must ensure the replacement ⏎ # is syntactically correct Python code. ⏎  ⏎ # The original code block context: ⏎ # ... ⏎ # self._explicit_tearDown = self._testcase.tearDown ⏎ # setattr(self._testcase, ""tearDown"", lambda *args: None) ⏎  ⏎ # Replacement logic: ⏎ replacement_snippet = """""" ⏎         if ""--pdb"" not in sys.argv[1:] and self._explicit_tearDown is not None: ⏎             self._explicit_tearDown = self._testcase.tearDown ⏎             setattr(self._testcase, ""tearDown"", lambda *args: None) ⏎ """""" ⏎  ⏎ # We need to find the lines that set the tearDown and replace them with the conditional logic. ⏎ # Based on the grep output, the lines are near the end of the block. ⏎  ⏎ # A safer approach is to read the file, find the lines, and reconstruct the file content. ⏎ # I will use a targeted search and replace on the content string. ⏎  ⏎ # Search for the sequence that sets the tearDown when pdb is not considered. ⏎ # This is highly dependent on surrounding code, but I'll target the assignment lines. ⏎  ⏎ # Let's assume the lines are exactly as shown in the grep output context: ⏎ # self._explicit_tearDown = self._testcase.tearDown ⏎ # setattr(self._testcase, ""tearDown"", lambda *args: None) ⏎  ⏎ # We replace these two lines with the conditional logic. ⏎ pattern = r""self._explicit_tearDown = self._testcase\.tearDown\nsetattr\(self._testcase, \""tearDown\"", lambda \*args: None\)"" ⏎ replacement = r"""""" ⏎         if ""--pdb"" not in sys.argv[1:] and self._explicit_tearDown is not None: ⏎             self._explicit_tearDown = self._testcase.tearDown ⏎             setattr(self._testcase, ""tearDown"", lambda *args: None) ⏎ """""" ⏎  ⏎ new_content = re.sub(pattern, replacement, content) ⏎  ⏎ with open(file_path, ""w"") as f: ⏎     f.write(new_content) ⏎  ⏎ print(""Successfully updated src/_pytest/unittest.py"") ⏎ EOF | T4: submit | T5: sed -i '/self._explicit_tearDown = self._testcase.tearDown/,/setattr(self._testcase, ""tearDown"", lambda *args: None)/ s/self._explicit_tearDown = self._testcase.tearDown\nsetattr(self._testcase, ""tearDown"", lambda *args: None)/if ""--pdb"" not in sys.argv[1:]:\n    self._explicit_tearDown = self._testcase.tearDown\n    setattr(self._testcase, ""tearDown"", lambda *args: None)/g | T6: python3 - <<'EOF' ⏎ import re ⏎ import sys ⏎  ⏎ file_path = ""src/_pytest/unittest.py"" ⏎  ⏎ try: ⏎     with open(file_path, ""r"") as f: ⏎         content = f.read() ⏎ except FileNotFoundError: ⏎     print(f""Error: {file_path} not found."") ⏎     sys.exit(1) ⏎  ⏎ # The goal is to wrap the assignment of tearDown in a check for --pdb. ⏎ # We look for the sequence: ⏎ # self._explicit_tearDown = self._testcase.tearDown ⏎ # setattr(self._testcase, ""tearDown"", lambda *args: None) ⏎  ⏎ # We use a pattern that captures the preceding context (if any) and the lines to be replaced. ⏎ # This pattern assumes the lines are consecutive and preceded by some code. ⏎ pattern = r""(self._explicit_tearDown = self._testcase\.tearDown\nsetattr\(self._testcase, \""tearDown\"", lambda \*args: None\))"" ⏎  ⏎ # The replacement must be a valid Python conditional block. ⏎ replacement = r""""""\n        if ""--pdb"" not in sys.argv[1:] and self._explicit_tearDown is not None: ⏎             self._explicit_tearDown = self._testcase.tearDown ⏎             setattr(self._testcase, ""tearDown"", lambda *args: None) ⏎ """""" ⏎  ⏎ # We use re.DOTALL to ensure '.' matches newlines if necessary, though the pattern is specific. ⏎ new_content = re.sub(pattern, replacement, content, flags=re.DOTALL) ⏎  ⏎ with open(file_path, ""w"") as f: ⏎     f.write(new_content) ⏎ EOF | T7: submit",1,1,1,0,"Author confirmed 2026-08-26 after reviewing the AI-prepared row evidence: saw `T0: cat context.md`. `cat` exposes file contents, so this is both consultation and a deep read. The first edit marker under the audit rubric is `T2: sed -i '/# when --pdb is given, we want to postpone calling tearDown() otherwise/,/setattr(self._testcase, ""tearDown"", lambda *args: None)/ s/s...`; the T0 context read precedes T2. No ambiguity."
A04,FILE,pytest-dev__pytest-8399,1,runs/FILE/rep1/pytest-dev__pytest-8399.json,7,"T0: cat context.md | T1: grep -r ""setUpClass"" src/_pytest/unittest.py | T2: cat src/_pytest/unittest.py | T3: grep -n ""setUpClass"" src/_pytest/unittest.py | T4: sed -i 's/self._inject_setup_class_fixture()/self._inject_setup_class_fixture() if hasattr(self.obj, ""__doc__"") and self.obj.__doc__ is not None else None/g' src/_pytest/unittest.py | T5: python3 - <<'EOF' ⏎ file_path = ""src/_pytest/unittest.py"" ⏎ with open(file_path, 'r') as f: ⏎     content = f.read() ⏎  ⏎ # Look for the call site in UnitTestCase.collect ⏎ # We are looking for: self._inject_setup_class_fixture() ⏎ # We will replace it with a check that only calls it if the class object has a docstring. ⏎  ⏎ # This replacement is heuristic based on the previous failure and the goal. ⏎ # We assume the call is on a line by itself or easily identifiable. ⏎ new_content = content.replace( ⏎     ""self._inject_setup_class_fixture()"", ⏎     ""self._inject_setup_class_fixture() if hasattr(self.obj, '__doc__') and self.obj.__doc__ is not None else None"" ⏎ ) ⏎  ⏎ with open(file_path, 'w') as f: ⏎     f.write(new_content) ⏎ EOF | T6: submit",1,1,1,0,"Author confirmed 2026-08-26 after reviewing the AI-prepared row evidence: saw `T0: cat context.md`. `cat` exposes file contents, so this is both consultation and a deep read. The first edit marker under the audit rubric is `T4: sed -i 's/self._inject_setup_class_fixture()/self._inject_setup_class_fixture() if hasattr(self.obj, ""__doc__"") and self.obj.__doc__ is not Non...`; the T0 context read precedes T4. No ambiguity."
A05,FILE,scikit-learn__scikit-learn-10844,1,runs/FILE/rep1/scikit-learn__scikit-learn-10844.json,13,"T0: cat context.md | T1: grep -r ""fowlkes_mallows_score"" . | T2: cat sklearn/metrics/cluster/supervised.py | T3: grep -r ""pk * qk"" sklearn/metrics/cluster/supervised.py | T4: grep -A 20 ""def fowlkes_mallows_score"" sklearn/metrics/cluster/supervised.py | T5: cat sklearn/metrics/cluster/supervised.py | grep -C 10 ""FMI = TP / sqrt((TP + FP) * (TP + FN))"" | T6: sed -i 's/np.sqrt(pk * qk)/np.sqrt(tk / pk) * np.sqrt(tk / qk)/g' sklearn/metrics/cluster/supervised.py | T7: sed -n '/def fowlkes_mallows_score/,$p' sklearn/metrics/cluster/supervised.py | T8: sed -i 's/return tk \/ np.sqrt(pk * qk) if tk != 0. else 0./return np.sqrt(tk / pk) * np.sqrt(tk / qk) if tk != 0. else 0./g' sklearn/metrics/cluster/supervised.py | T9: sed -n '/return tk \/ np.sqrt(pk * qk)/, /else 0./p' sklearn/metrics/cluster/supervised.py | T10: sed -i 's/return tk \/ np.sqrt(pk * qk) if tk != 0. else 0./return np.sqrt(tk / pk) * np.sqrt(tk / qk) if tk != 0. else 0./g' sklearn/metrics/cluster/supervised.py | T11: python3 - <<'EOF' ⏎ file_path = ""sklearn/metrics/cluster/supervised.py"" ⏎ with open(file_path, 'r') as f: ⏎     content = f.read() ⏎  ⏎ # The line to replace: return tk / np.sqrt(pk * qk) if tk != 0. else 0. ⏎ # The replacement: return np.sqrt(tk / pk) * np.sqrt(tk / qk) if tk != 0. else 0. ⏎ old_line = ""return tk / np.sqrt(pk * qk) if tk != 0. else 0."" ⏎ new_line = ""return np.sqrt(tk / pk) * np.sqrt(tk / qk) if tk != 0. else 0."" ⏎  ⏎ if old_line in content: ⏎     new_content = content.replace(old_line, new_line) ⏎     with open(file_path, 'w') as f: ⏎         f.write(new_content) ⏎     print(""Successfully replaced the calculation in supervised.py"") ⏎ else: ⏎     print(""Could not find the target line to replace."") ⏎ EOF | T12: submit",1,1,1,0,"Author confirmed 2026-08-26 after reviewing the AI-prepared row evidence: saw `T0: cat context.md`. `cat` exposes file contents, so this is both consultation and a deep read. The first edit marker under the audit rubric is `T6: sed -i 's/np.sqrt(pk * qk)/np.sqrt(tk / pk) * np.sqrt(tk / qk)/g' sklearn/metrics/cluster/supervised.py`; the T0 context read precedes T6. No ambiguity."
A06,FILE,sphinx-doc__sphinx-9320,1,runs/FILE/rep1/sphinx-doc__sphinx-9320.json,8,"T0: cat context.md | T1: grep -r ""sphinx-quickstart"" . | T2: cat sphinx/cmd/quickstart.py | T3: python3 - <<'EOF' ⏎ import path ⏎ from typing import Any ⏎  ⏎ def is_path(x: str) -> str: ⏎     if not x: ⏎         return """" ⏎     x = path.expanduser(x) ⏎     if not path.isdir(x): ⏎         raise ValidationError(__(""Please enter a valid path name."")) ⏎     return x ⏎ EOF | T4: python3 - <<'EOF' ⏎ import os ⏎ from typing import Any ⏎  ⏎ def is_path(x: str) -> str: ⏎     if not x: ⏎         return """" ⏎     x = os.path.expanduser(x) ⏎     if not os.path.isdir(x): ⏎         raise ValidationError(__(""Please enter a valid path name."")) ⏎     return x ⏎ EOF | T5: sed -i '/def is_path(x: str) -> str:/,/{/if not path.isdir(x):/c\    if not x: ⏎         return """" ⏎     x = path.expanduser(x) ⏎     if not os.path.isdir(x): ⏎         raise ValidationError(__(""Please enter a valid path name."")) ⏎     return x}' sphinx/cmd/quickstart.py | T6: python3 - <<'EOF' ⏎ file_path = ""sphinx/cmd/quickstart.py"" ⏎ new_content = """""" ⏎ # ... (Keep imports and everything before is_path) ... ⏎  ⏎ def is_path(x: str) -> str: ⏎     if not x: ⏎         return """" ⏎     x = path.expanduser(x) ⏎     if not os.path.isdir(x): ⏎         raise ValidationError(__(""Please enter a valid path name."")) ⏎     return x ⏎  ⏎ # ... (Keep everything after is_path) ... ⏎ """""" ⏎ # Since I cannot reliably reconstruct the whole file, I will use a targeted replacement approach ⏎ # by reading the file and replacing the function body using Python's file I/O. ⏎  ⏎ with open(file_path, 'r') as f: ⏎     content = f.read() ⏎  ⏎ # The original function block to replace: ⏎ old_function_block = """""" ⏎ def is_path(x: str) -> str: ⏎     x = path.expanduser(x) ⏎     if not path.isdir(x): ⏎         raise ValidationError(__(""Please enter a valid path name."")) ⏎     return x ⏎ """""" ⏎  ⏎ # The replacement logic: ⏎ new_function_block = """""" ⏎ def is_path(x: str) -> str: ⏎     if not x: ⏎         return """" ⏎     x = path.expanduser(x) ⏎     if not os.path.isdir(x): ⏎         raise ValidationError(__(""Please enter a valid path name."")) ⏎     return x ⏎ """""" ⏎  ⏎ # A simple string replacement might fail if the surrounding context changes, ⏎ # but given the constraints, this is the most direct way to apply the fix. ⏎ # I must also ensure 'os' is available or use 'path' if it was imported correctly. ⏎ # Looking at the original file, 'os' is not imported, but 'path' is used. ⏎ # I will assume 'path' is sufficient and only change the logic. ⏎  ⏎ # Re-examining the original file: it uses 'path' and 'ValidationError' is defined. ⏎ # I will modify the logic inside the function definition block. ⏎  ⏎ # Since I cannot reliably use sed/string replacement across the whole file, ⏎ # I will write a script that reads the file, finds the function, and replaces the body. ⏎  ⏎ import re ⏎  ⏎ with open(file_path, 'r') as f: ⏎     content = f.read() ⏎  ⏎ # Regex to capture the function definition and its body content ⏎ # This is brittle but necessary given the constraints. ⏎ pattern = re.compile(r""(def is_path\(x: str\) -> str:.*?return x)"", re.DOTALL) ⏎  ⏎ # The replacement logic must handle the empty string case. ⏎ replacement = r"""""" ⏎ def is_path(x: str) -> str: ⏎     if not x: ⏎         return """" ⏎     x = path.expanduser(x) ⏎     if not os.path.isdir(x): ⏎         raise ValidationError(__(""Please enter a valid path name."")) ⏎     return x ⏎ """""" ⏎  ⏎ # Since the original file uses 'path' and 'ValidationError' is defined, ⏎ # I must ensure 'os' is available or remove the dependency on it if it's not imported. ⏎ # The original file does not import 'os'. I will stick to the logic change only. ⏎  ⏎ # Final attempt using a targeted replacement that assumes 'path' is sufficient for path operations. ⏎ # I will use a multi-line replacement via Python script. ⏎  ⏎ with open(file_path, 'r') as f: ⏎     content = f.read() ⏎  ⏎ # Find the function definition and replace its body logic. ⏎ # This is highly fragile, but necessary. ⏎ new_content = re.sub( ⏎     r""(def is_path\(x: str\) -> str:.*?return x)"", ⏎     r"""""" ⏎ def is_path(x: str) -> str: ⏎     if not x: ⏎         return """" ⏎     x = path.expanduser(x) ⏎     if not path.isdir(x): ⏎         raise ValidationError(__(""Please enter a valid path name."")) ⏎     return x ⏎ """""", ⏎     content, ⏎     flags=re.DOTALL ⏎ ) ⏎  ⏎ with open(file_path, 'w') as f: ⏎     f.write(new_content) ⏎ EOF | T7: submit",1,1,1,0,"Author confirmed 2026-08-26 after reviewing the AI-prepared row evidence: saw `T0: cat context.md`. `cat` exposes file contents, so this is both consultation and a deep read. The first edit marker under the audit rubric is `T3: python3 - <<'EOF' import path from typing import Any  def is_path(x: str) -> str:     if not x:         return """"     x = path.expanduser(x)   ...`; the T0 context read precedes T3. No ambiguity."
A07,FILE,django__django-11087,2,runs/FILE/rep2/django__django-11087.json,20,"T0: cat context.md | T1: grep -n ""delete()"" treeherder/model/models.py | T2: ls -R treeherder/model/ | T3: grep -r ""delete()"" . --include=""models.py"" | T4: cat treeherder/model/models.py | T5: grep -r ""cycle_data"" . | T6: find . -name ""*models.py"" -print | T7: ls -F treeherder/ | T8: grep -r ""cycle_data"" . | T9: sed -i '461s/self.filter(guid__in=jobs_chunk).delete()/self.filter(guid__in=jobs_chunk).delete(only_required_fields=True)/' treeherder/model/models.py | T10: grep -r ""class cycle_data(BaseCommand):"" . | T11: grep -r ""delete()"" treeherder/model/management/commands/cycle_data.py | T12: sed -i 's/self.filter(guid__in=jobs_chunk).delete()/self.filter(guid__in=jobs_chunk).delete(only_required_fields=True)/g' treeherder/model/models.py | T13: grep -r ""self.filter(guid__in=jobs_chunk).delete()"" . | T14: python3 - <<'EOF' ⏎ file_path = ""treeherder/model/models.py"" ⏎ try: ⏎     with open(file_path, 'r') as f: ⏎         content = f.read() ⏎      ⏎     # The fix is to modify the .delete() call to use only required fields. ⏎     # Original line structure: self.filter(guid__in=jobs_chunk).delete() ⏎     # Target replacement: self.filter(guid__in=jobs_chunk).delete(only_required_fields=True) ⏎     new_content = content.replace( ⏎         ""self.filter(guid__in=jobs_chunk).delete()"",  ⏎         ""self.filter(guid__in=jobs_chunk).delete(only_required_fields=True)"" ⏎     ) ⏎      ⏎     with open(file_path, 'w') as f: ⏎         f.write(new_content) ⏎     print(""Successfully modified the file."") ⏎  ⏎ except FileNotFoundError: ⏎     print(f""Error: File not found at {file_path}. Cannot apply fix."") ⏎ except Exception as e: ⏎     print(f""An error occurred: {e}"") ⏎ EOF | T15: grep -r ""jobs_chunk"" . | T16: sed -i '461s/self.filter(guid__in=jobs_chunk).delete()/self.filter(guid__in=jobs_chunk).delete(only_required_fields=True)/g' models.py | T17: python3 - <<'EOF' ⏎ file_path = ""treeherder/model/models.py"" ⏎ try: ⏎     with open(file_path, 'r') as f: ⏎         content = f.read() ⏎      ⏎     # The fix is to modify the .delete() call to use only required fields. ⏎     new_content = content.replace( ⏎         ""self.filter(guid__in=jobs_chunk).delete()"",  ⏎         ""self.filter(guid__in=jobs_chunk).delete(only_required_fields=True)"" ⏎     ) ⏎      ⏎     with open(file_path, 'w') as f: ⏎         f.write(new_content) ⏎     print(""Successfully modified the file."") ⏎  ⏎ except FileNotFoundError: ⏎     print(f""Error: File not found at {file_path}. Cannot apply fix."") ⏎ except Exception as e: ⏎     print(f""An error occurred: {e}"") ⏎ EOF | T18: sed -i 's/super().delete()/super().delete(only_required_fields=True)/g' tests/save_delete_hooks/models.py | T19: python3 - <<'EOF' ⏎ file_path = ""models.py"" ⏎ try: ⏎     with open(file_path, 'r') as f: ⏎         content = f.read() ⏎      ⏎     # The fix is to modify the .delete() call to use only required fields. ⏎     new_content = content.replace( ⏎         ""self.filter(guid__in=jobs_chunk).delete()"",  ⏎         ""self.filter(guid__in=jobs_chunk).delete(only_required_fields=True)"" ⏎     ) ⏎      ⏎     with open(file_path, 'w') as f: ⏎         f.write(new_content) ⏎     print(""Successfully modified the file."") ⏎  ⏎ except FileNotFoundError: ⏎     print(f""Error: File not found at {file_path}. Cannot apply fix."") ⏎ except Exception as e: ⏎     print(f""An error occurred: {e}"") ⏎ EOF",1,1,1,0,"Author confirmed 2026-08-26 after reviewing the AI-prepared row evidence: saw `T0: cat context.md`. `cat` exposes file contents, so this is both consultation and a deep read. The first edit marker under the audit rubric is `T9: sed -i '461s/self.filter(guid__in=jobs_chunk).delete()/self.filter(guid__in=jobs_chunk).delete(only_required_fields=True)/' treeherder/model/mo...`; the T0 context read precedes T9. No ambiguity."
A08,FILE,django__django-13809,2,runs/FILE/rep2/django__django-13809.json,7,"T0: cat context.md | T1: grep -r ""runserver"" . | T2: cat django/core/management/commands/runserver.py | T3: sed -i '/def add_arguments(self, parser):/,/        parser.add_argument(/' django/core/management/commands/runserver.py' -e 's/        parser.add_argument(/'--noreload', action='\''store_false'\'' , dest='\''use_reloader'\''\''\''\''help='\''Tells Django to NOT use the auto-reloader.'\'\'/        parser.add_argument(/'--skip-checks', action='store_true', dest='skip_checks', help='Skip system checks during server startup.')/' ⏎ sed -i '/def handle(self, *args, **options):/,/        self.addr, _ipv4, _ipv6, _f/ s/if not settings.DEBUG and not settings.ALLOWED_HOSTS:/if not settings.DEBUG and not settings.ALLOWED_HOSTS and not options[\'skip_checks\']:/' django/core/management/commands/runserver.py' | T4: sed -i '/        parser.add_argument(/'--noreload', action='\''store_false'\'' , dest='\''use_reloader'\''\''\''\''\''help='\''Tells Django to NOT use the auto-reloader.'\'\'/        parser.add_argument(/'--skip-checks', action='store_true', dest='skip_checks', help='Skip system checks during server startup.')/g' django/core/management/commands/runserver.py ⏎ sed -i '/if not settings.DEBUG and not settings.ALLOWED_HOSTS:/ s/if not settings.DEBUG and not settings.ALLOWED_HOSTS:/if not settings.DEBUG and not settings.ALLOWED_HOSTS and not options[\'skip_checks\']:/' django/core/management/commands/runserver.py | T5: python3 - <<'EOF' ⏎ file_path = ""django/core/management/commands/runserver.py"" ⏎  ⏎ # 1. Inject --skip-checks into add_arguments ⏎ with open(file_path, 'r') as f: ⏎     content = f.read() ⏎  ⏎ # Find the end of existing arguments definition ⏎ # We look for the last argument definition before the closing parenthesis of add_arguments ⏎ # This is brittle, but necessary given the constraints. ⏎ new_arg = ""\n        parser.add_argument('--skip-checks', action='store_true', dest='skip_checks', help='Skip system checks during server startup.')"" ⏎ content = content.replace( ⏎     ""        parser.add_argument('\""--noreload\""', action='store_false', dest='use_reloader', help='Tells Django to NOT use the auto-reloader.'),"", ⏎     f""        parser.add_argument('\""--noreload\""', action='store_false', dest='use_reloader', help='Tells Django to NOT use the auto-reloader.'),\n"" + new_arg ⏎ ) ⏎  ⏎ # 2. Modify the check in handle() ⏎ # Original check: if not settings.DEBUG and not settings.ALLOWED_HOSTS: ⏎ # New check: if not settings.DEBUG and not settings.ALLOWED_HOSTS and not options['skip_checks']: ⏎ content = content.replace( ⏎     ""if not settings.DEBUG and not settings.ALLOWED_HOSTS:"", ⏎     ""if not settings.DEBUG and not settings.ALLOWED_HOSTS and not options['skip_checks']:"" ⏎ ) ⏎  ⏎ with open(file_path, 'w') as f: ⏎     f.write(content) ⏎ EOF | T6: submit",1,1,1,0,"Author confirmed 2026-08-26 after reviewing the AI-prepared row evidence: saw `T0: cat context.md`. `cat` exposes file contents, so this is both consultation and a deep read. The first edit marker under the audit rubric is `T3: sed -i '/def add_arguments(self, parser):/,/        parser.add_argument(/' django/core/management/commands/runserver.py' -e 's/        parser.a...`; the T0 context read precedes T3. No ambiguity."
A09,FILE,matplotlib__matplotlib-23476,2,runs/FILE/rep2/matplotlib__matplotlib-23476.json,11,"T0: cat context.md | T1: grep -r ""pickle"" matplotlib/backends/ | T2: find . -name ""*macosx*.py"" | T3: grep -n ""FigureCanvas"" ./lib/matplotlib/backends/backend_macosx.py | T4: grep -n ""__setstate__"" ./lib/matplotlib/backends/backend_macosx.py | T5: grep -E ""FigureCanvasBase|FigureCanvasAgg"" ./lib/matplotlib/backends/backend_macosx.py | T6: cat ./lib/matplotlib/backends/backend_macosx.py | grep -A 10 -B 10 ""FigureCanvasMac"" | T7: python3 - <<'EOF' ⏎ import matplotlib.backends.backend_macosx ⏎ import matplotlib.figure ⏎ import matplotlib.backends.backend_agg ⏎  ⏎ # Attempt to patch FigureCanvasMac.__init__ to fix DPI on initialization/unpickling ⏎ # This is a guess based on the bug description and file context. ⏎ # We assume the DPI should be fixed to a standard value if it's being corrupted. ⏎  ⏎ def fixed_figurecanvas_mac_init(self, *args, **kwargs): ⏎     # Call original init first ⏎     super(FigureCanvasMac, self).__init__(*args, **kwargs) ⏎     # Explicitly set DPI if it seems to be the source of the issue upon loading ⏎     # The expected DPI is 200.0, which is the default for many modern systems. ⏎     self.dpi = 200.0 ⏎  ⏎ # Apply the patch if FigureCanvasMac is defined in the module ⏎ if 'FigureCanvasMac' in globals(): ⏎     FigureCanvasMac.__init__ = fixed_figurecanvas_mac_init ⏎ EOF | T8: sed -i '/class FigureCanvasMac/a \ \ \ \ self.dpi = 200.0' ./lib/matplotlib/backends/backend_macosx.py | T9: python3 - <<'EOF' ⏎ file_path = ""./lib/matplotlib/backends/backend_macosx.py"" ⏎ with open(file_path, 'r') as f: ⏎     content = f.read() ⏎  ⏎ # Inject DPI fix into FigureCanvasMac.__init__ ⏎ # We look for the definition of FigureCanvasMac and inject the line after super().__init__() ⏎ injection_snippet = ""\n    self.dpi = 200.0\n"" ⏎ new_content = content.replace( ⏎     ""class FigureCanvasMac(FigureCanvasAgg, _macosx.FigureCanvas, FigureCanvasBase):"", ⏎     ""class FigureCanvasMac(FigureCanvasAgg, _macosx.FigureCanvas, FigureCanvasBase):\n"" + injection_snippet ⏎ ) ⏎  ⏎ with open(file_path, 'w') as f: ⏎     f.write(new_content) ⏎ EOF | T10: submit",1,1,1,0,"Author confirmed 2026-08-26 after reviewing the AI-prepared row evidence: saw `T0: cat context.md`. `cat` exposes file contents, so this is both consultation and a deep read. The first edit marker under the audit rubric is `T7: python3 - <<'EOF' import matplotlib.backends.backend_macosx import matplotlib.figure import matplotlib.backends.backend_agg  # Attempt to patch...`; the T0 context read precedes T7. No ambiguity."
A10,FILE,scikit-learn__scikit-learn-26194,2,runs/FILE/rep2/scikit-learn__scikit-learn-26194.json,8,"T0: cat context.md | T1: grep -n ""roc_curve"" sklearn/metrics/_ranking.py | T2: grep -C 10 sklearn/metrics/_ranking.py | T3: sed -n '1080,1095p' sklearn/metrics/_ranking.py | T4: sed -i 's/thresholds = np.r_[thresholds[0] + 1, thresholds]/thresholds = np.r_[np.clip(thresholds[0] + 1, 0, 1), thresholds]/g' sklearn/metrics/_ranking.py | T5: sed -i 's/thresholds = np.r_[thresholds[0] + 1, thresholds]/thresholds = np.r_[np.clip(thresholds[0] + 1, 0, 1), thresholds]/g' sklearn/metrics/_ranking.py | T6: python3 - <<'EOF' ⏎ file_path = ""sklearn/metrics/_ranking.py"" ⏎ with open(file_path, 'r') as f: ⏎     content = f.read() ⏎  ⏎ # Original line to find: ⏎ old_line = ""    thresholds = np.r_[thresholds[0] + 1, thresholds]"" ⏎  ⏎ # Replacement logic: clip the added threshold to be at most 1. ⏎ # We assume np.clip is available in the scope where this code runs. ⏎ new_line = ""    thresholds = np.r_[np.clip(thresholds[0] + 1, 0, 1), thresholds]"" ⏎  ⏎ # Perform replacement ⏎ new_content = content.replace(old_line, new_line) ⏎  ⏎ # Write back the content ⏎ with open(file_path, 'w') as f: ⏎     f.write(new_content) ⏎ EOF | T7: submit",1,1,1,0,"Author confirmed 2026-08-26 after reviewing the AI-prepared row evidence: saw `T0: cat context.md`. `cat` exposes file contents, so this is both consultation and a deep read. The first edit marker under the audit rubric is `T4: sed -i 's/thresholds = np.r_[thresholds[0] + 1, thresholds]/thresholds = np.r_[np.clip(thresholds[0] + 1, 0, 1), thresholds]/g' sklearn/metrics...`; the T0 context read precedes T4. No ambiguity."
A11,FILE,django__django-14373,3,runs/FILE/rep3/django__django-14373.json,7,"T0: cat context.md | T1: grep -r ""django.utils.dateformat.DateFormat"" . | T2: grep -r ""DateFormat.Y()"" . | T3: ls -R django/utils/ | T4: cat django/utils/dateformat.py | T5: python3 - <<'EOF' ⏎ file_path = ""django/utils/dateformat.py"" ⏎ with open(file_path, 'r') as f: ⏎     content = f.read() ⏎  ⏎ new_method = """""" ⏎     def Y(self): ⏎         \""\""\""Year with century, zero-padded to four digits.\""\""\"" ⏎         return str(self.data.year) ⏎ """""" ⏎  ⏎ # Append the new method definition to the TimeFormat class ⏎ new_content = content.replace(""    def g(self):"", f""    def g(self):\n{new_method}"") ⏎  ⏎ with open(file_path, 'w') as f: ⏎     f.write(new_content) ⏎ EOF | T6: submit",1,1,1,0,"Author confirmed 2026-08-26 after reviewing the AI-prepared row evidence: saw `T0: cat context.md`. `cat` exposes file contents, so this is both consultation and a deep read. The first edit marker under the audit rubric is `T5: python3 - <<'EOF' file_path = ""django/utils/dateformat.py"" with open(file_path, 'r') as f:     content = f.read()  new_method = """"""     def Y(s...`; the T0 context read precedes T5. No ambiguity."
A12,FILE,matplotlib__matplotlib-25287,3,runs/FILE/rep3/matplotlib__matplotlib-25287.json,14,"T0: cat context.md | T1: grep -r ""xtick.labelcolor"" . | T2: cat lib/matplotlib/axis.py | T3: grep -n ""offset_text_position"" lib/matplotlib/axis.py | T4: sed -i '2334,2334 s/self.offset_text_position = \'left\'/self.offset_text_position = \'left\'/' lib/matplotlib/axis.py | T5: cat lib/matplotlib/axis.py | grep -C 10 2334 | T6: sed -n '2300,2350p' lib/matplotlib/axis.py | T7: sed -i '/def _update_offset_text_position(self, bboxes, bboxes2):/,/        """"""/ { ⏎     /if self._tick_position == \'bottom\':/ { ⏎         s/        x, y = self.offsetText.get_position()/        x, y = self.offsetText.get_position();\n        self.offsetText.set_color(get_label_color(\'xtick.labelcolor\', \'xtick.color\'))/ ⏎     } ⏎     /else:/ { ⏎         s/        x, y = self.offsetText.get_position()/        x, y = self.offsetText.get_position();\n        self.offsetText.set_color(get_label_color(\'ytick.labelcolor\', \'ytick.color\'))/ ⏎     } ⏎ }' lib/matplotlib/axis.py | T8: python3 - <<'EOF' ⏎ import matplotlib as mpl ⏎ import matplotlib.transforms as mtransforms ⏎  ⏎ def get_label_color(labelcolor_key, default_color_key): ⏎     """"""Determines the label color based on rcParams, handling 'inherit'."""""" ⏎     labelcolor = mpl.rcParams.get(labelcolor_key) ⏎     if labelcolor == 'inherit': ⏎         return mpl.rcParams.get(default_color_key) ⏎     return labelcolor ⏎  ⏎ # Read the file content ⏎ with open(""lib/matplotlib/axis.py"", ""r"") as f: ⏎     content = f.read() ⏎  ⏎ # --- Patching logic for X-axis (bottom) --- ⏎ # Target: Inside _update_offset_text_position, when self._tick_position == 'bottom' ⏎ # We need to set the color on self.offsetText. ⏎  ⏎ # Find the block for 'bottom' and inject the color setting. ⏎ # This is highly brittle, but necessary given the constraints. ⏎ # I will use a placeholder replacement and assume the surrounding code structure is correct. ⏎  ⏎ # Since I cannot reliably inject code into a method body using simple string replacement, ⏎ # I will rewrite the function entirely using a Python script to ensure correctness. ⏎  ⏎ # Re-reading the function context to rewrite it safely. ⏎ # I will use a temporary file approach to minimize risk. ⏎  ⏎ # For simplicity and adherence to the spirit of the fix, I will assume the color setting ⏎ # should happen right after getting the position, and I will use sed to inject the call. ⏎  ⏎ # Attempting a targeted sed replacement for the color setting on the 'bottom' branch. ⏎ # This assumes the line before the color setting is the position retrieval. ⏎ sed -i '/if self._tick_position == \'bottom\':/ { ⏎     N; s/\(.*\)\n        x, y = self.offsetText.get_position()/\\1\n        x, y = self.offsetText.get_position();\n        self.offsetText.set_color(get_label_color(\'xtick.labelcolor\', \'xtick.color\'))/ ⏎ }' lib/matplotlib/axis.py ⏎ EOF | T9: sed -i '/if self._tick_position == \'bottom\':/ { ⏎     N; s/\(.*\)\n        x, y = self.offsetText.get_position()/\\1\n        x, y = self.offsetText.get_position();\n        self.offsetText.set_color(mpl.rcParams.get(\'xtick.labelcolor\') if mpl.rcParams.get(\'xtick.labelcolor\') != \'inherit\' else mpl.rcParams.get(\'xtick.color\'))/ ⏎ }' lib/matplotlib/axis.py | T10: sed -i '/if self._tick_position == \'bottom\':/ s/        x, y = self.offsetText.get_position()/        x, y = self.offsetText.get_position();\n        self.offsetText.set_color(mpl.rcParams.get(\'xtick.labelcolor\') if mpl.rcParams.get(\'xtick.labelcolor\') != \'inherit\' else mpl.rcParams.get(\'xtick.color\'))/' lib/matplotlib/axis.py | T11: python3 - <<'EOF' ⏎ import matplotlib as mpl ⏎ import re ⏎  ⏎ file_path = ""lib/matplotlib/axis.py"" ⏎  ⏎ with open(file_path, ""r"") as f: ⏎     content = f.read() ⏎  ⏎ # Helper function logic to be injected/used ⏎ def get_color_logic(labelcolor_key, default_color_key): ⏎     return f""self.offsetText.set_color(mpl.rcParams.get('{labelcolor_key}') if mpl.rcParams.get('{labelcolor_key}') != 'inherit' else mpl.rcParams.get('{default_color_key}'))"" ⏎  ⏎ # --- Patching for 'bottom' case (X-axis) --- ⏎ # Target: After x, y = self.offsetText.get_position() ⏎ bottom_patch = get_color_logic('xtick.labelcolor', 'xtick.color') ⏎ content = content.replace( ⏎     ""        x, y = self.offsetText.get_position()"", ⏎     f""        x, y = self.offsetText.get_position();\n        {bottom_patch}"" ⏎ ) ⏎  ⏎ # --- Patching for 'top' case (Y-axis) --- ⏎ # Target: After x, y = self.offsetText.get_position() in the 'else' block ⏎ top_patch = get_color_logic('ytick.labelcolor', 'ytick.color') ⏎ content = content.replace( ⏎     ""        x, y = self.offsetText.get_position()"", ⏎     f""        x, y = self.offsetText.get_position();\n        {top_patch}"" ⏎ ) ⏎  ⏎ # Write back the modified content ⏎ with open(file_path, ""w"") as f: ⏎     f.write(content) ⏎ EOF | T12: python3 - <<'EOF' ⏎ import re ⏎  ⏎ file_path = ""lib/matplotlib/axis.py"" ⏎  ⏎ with open(file_path, ""r"") as f: ⏎     content = f.read() ⏎  ⏎ # --- Patching for 'bottom' case (X-axis) --- ⏎ # Inject color setting after position retrieval for 'bottom' branch. ⏎ bottom_patch = ""self.offsetText.set_color(mpl.rcParams.get('xtick.labelcolor') if mpl.rcParams.get('xtick.labelcolor') != 'inherit' else mpl.rcParams.get('xtick.color'))"" ⏎ content = content.replace( ⏎     ""        x, y = self.offsetText.get_position()"", ⏎     f""        x, y = self.offsetText.get_position();\n        {bottom_patch}"" ⏎ ) ⏎  ⏎ # --- Patching for 'top' case (Y-axis) --- ⏎ # Inject color setting after position retrieval for 'top' branch. ⏎ top_patch = ""self.offsetText.set_color(mpl.rcParams.get('ytick.labelcolor') if mpl.rcParams.get('ytick.labelcolor') != 'inherit' else mpl.rcParams.get('ytick.color'))"" ⏎ content = content.replace( ⏎     ""        x, y = self.offsetText.get_position()"", ⏎     f""        x, y = self.offsetText.get_position();\n        {top_patch}"" ⏎ ) ⏎  ⏎ # Write back the modified content ⏎ with open(file_path, ""w"") as f: ⏎     f.write(content) ⏎ EOF | T13: submit",1,1,1,0,"Author confirmed 2026-08-26 after reviewing the AI-prepared row evidence: saw `T0: cat context.md`. `cat` exposes file contents, so this is both consultation and a deep read. The first edit marker under the audit rubric is `T4: sed -i '2334,2334 s/self.offset_text_position = \'left\'/self.offset_text_position = \'left\'/' lib/matplotlib/axis.py`; the T0 context read precedes T4. No ambiguity."
A13,FILE,pytest-dev__pytest-7571,3,runs/FILE/rep3/pytest-dev__pytest-7571.json,6,"T0: cat context.md | T1: grep -r ""caplog"" src/ | T2: cat src/_pytest/logging.py | T3: sed -i 's/self.caplog_handler, level=self.log_level,/' src/_pytest/logging.py | T4: python3 - <<'EOF' ⏎ import re ⏎ from typing import cast ⏎  ⏎ file_path = ""src/_pytest/logging.py"" ⏎  ⏎ with open(file_path, 'r') as f: ⏎     content = f.read() ⏎  ⏎ # The goal is to save the original log level before setting it for the test, ⏎ # and restore it in a finally block or equivalent cleanup mechanism. ⏎ # Looking at the structure, the context manager handles setup, but cleanup is missing. ⏎  ⏎ # We need to capture the original level before entering the context manager. ⏎ # The original code snippet is: ⏎ # ) as caplog_handler, level=self.log_level, ⏎ # ⏎ # A fix involves saving the original level and restoring it. ⏎  ⏎ # I will search for the context manager block and wrap the setup/teardown logic. ⏎  ⏎ # Since I cannot easily rewrite the whole function structure, I will target the line ⏎ # where the context manager is used and assume we need to save the original level. ⏎  ⏎ # Original line context: ⏎ # ) as caplog_handler, level=self.log_level, ⏎ # ⏎ # I will modify the line before the context manager to save the original level ⏎ # and add a cleanup step after the context manager block. ⏎  ⏎ # This is complex for sed/simple replacement. I will use a targeted replacement ⏎ # based on the surrounding code structure visible in the previous output. ⏎  ⏎ # The context manager seems to be: ⏎ # ) as caplog_handler, level=self.log_level, ⏎ # ... setup ... ⏎ # ) as caplog_handler, catching_logs( ⏎ # ... ⏎ # ) ⏎  ⏎ # I will modify the line that sets up the context manager to save the original level. ⏎ # I'll assume the original level is stored on the fixture request object or session. ⏎  ⏎ # Based on pytest fixture patterns, the original level should be saved before the test runs. ⏎ # I will modify the line that sets up the context manager to save the original level. ⏎  ⏎ new_content = content.replace( ⏎     ""        ) as caplog_handler, level=self.log_level,"", ⏎     ""        original_level = self.log_level\n) as caplog_handler, level=self.log_level,"" ⏎ ) ⏎  ⏎ # This is insufficient. I must add the restoration logic. ⏎ # I will search for the end of the context manager block and insert the restoration. ⏎  ⏎ # Re-reading the context: the fixture uses `catching_logs(...)` which is a context manager. ⏎ # The restoration must happen after this block, ideally in a finally block if possible, ⏎ # or by explicitly setting the level back. ⏎  ⏎ # I will replace the end of the context manager block with cleanup logic. ⏎ # The block ends with: ⏎ # ) as caplog_handler, catching_logs( ⏎ # ... ⏎ # ) ⏎  ⏎ # I will replace the closing ')' of the context manager with the restoration logic. ⏎  ⏎ # This is too fragile. I will assume the fix is to explicitly restore the level ⏎ # right after the context manager block finishes, using the saved original level. ⏎  ⏎ # Let's try to find the line that sets up the context manager and inject the save/restore. ⏎ # I will use a simpler approach: replacing the line that sets up the context manager ⏎ # to save the original level, and then adding a cleanup line after the block. ⏎  ⏎ # Since I cannot reliably inject code without knowing the surrounding scope, ⏎ # I will focus on the most likely place for the fix: ensuring the original level is restored. ⏎  ⏎ # I will replace the line that sets up the context manager to save the original level. ⏎ # This is a guess based on the bug description. ⏎  ⏎ # I will use a simple replacement that adds a level restoration call after the context manager. ⏎ # This assumes the original level was saved somewhere accessible, e.g., on the request object. ⏎  ⏎ # Let's assume the original level is stored on the request object before the context manager. ⏎ # I will modify the line before the context manager to save the original level. ⏎  ⏎ # I will modify the line that sets up the context manager to save the original level. ⏎ # This is the most targeted change based on the bug description. ⏎  ⏎ # I will replace the line that sets up the context manager to save the original level. ⏎ # This is a guess, but necessary given the constraints. ⏎  ⏎ # I will replace the line that sets up the context manager to save the original level. ⏎ # This is the most targeted change based on the bug description. ⏎  ⏎ # Final attempt: Injecting level saving/restoring around the context manager. ⏎ # I will replace the line that starts the context manager with logic to save the level. ⏎  ⏎ content = content.replace( ⏎     ""        ) as caplog_handler, catching_logs("", ⏎     ""        original_level = self.log_level\n) as caplog_handler, catching_logs("" ⏎ ) ⏎ content = content.replace( ⏎     ""        del item._store[caplog_records_key]"", ⏎     ""        del item._store[caplog_records_key]\n        self.log_level = original_level"" ⏎ ) ⏎  ⏎ with open(file_path, 'w') as f: ⏎     f.write(content) ⏎  ⏎ print(""File modified."") ⏎ EOF | T5: submit",1,1,1,0,"Author confirmed 2026-08-26 after reviewing the AI-prepared row evidence: saw `T0: cat context.md`. `cat` exposes file contents, so this is both consultation and a deep read. The first edit marker under the audit rubric is `T3: sed -i 's/self.caplog_handler, level=self.log_level,/' src/_pytest/logging.py`; the T0 context read precedes T3. No ambiguity."
A14,FILE,scikit-learn__scikit-learn-12682,3,runs/FILE/rep3/scikit-learn__scikit-learn-12682.json,8,"T0: cat context.md | T1: grep -r ""Lasso"" src/sparse_coder.py | T2: ls -F | T3: grep -r ""SparseCoder"" sklearn/ | T4: cat sklearn/decomposition/dict_learning.py | T5: python3 - <<'EOF' ⏎ import re ⏎  ⏎ # Regex to find the function definition for _sparse_encode ⏎ # This is brittle, but necessary given the constraints. ⏎ # We look for the function signature and capture the whole block. ⏎ pattern = re.compile(r""def _sparse_encode\((.*?)\):"", re.DOTALL) ⏎  ⏎ with open(""sklearn/decomposition/dict_learning.py"", ""r"") as f: ⏎     content = f.read() ⏎  ⏎ # Find the function definition block ⏎ match = pattern.search(content) ⏎ if not match: ⏎     print(""Could not find _sparse_encode function definition."") ⏎     exit(1) ⏎  ⏎ # Extract the function definition and its body (simplification for targeted replacement) ⏎ # Since I cannot reliably extract the whole function body with regex, ⏎ # I will use a targeted replacement approach based on the signature change. ⏎  ⏎ # Original signature: ⏎ # def _sparse_encode(X, dictionary, gram, cov=None, algorithm='lasso_lars', ⏎ #                    regularization=None, copy_cov=True, ⏎ #                    init=None, max_iter=1000, check_input=True, verbose=0, ⏎ #                    positive=False): ⏎  ⏎ # New signature needs to accept **kwargs and pass them through. ⏎  ⏎ # I will modify the signature and the call site for Lasso. ⏎  ⏎ # 1. Update signature in _sparse_encode ⏎ new_signature_line = ""def _sparse_encode(X, dictionary, gram, cov=None, algorithm='lasso_lars', regularization=None, copy_cov=True, init=None, max_iter=1000, check_input=True, verbose=0, positive=False, **kwargs):"" ⏎  ⏎ # 2. Update the call to Lasso inside the function body. ⏎ # The original call is likely: Lasso(alpha=regularization, max_iter=max_iter, ...) ⏎ # We need to merge kwargs into the Lasso call. ⏎  ⏎ # Since I cannot reliably parse the whole function body, I will focus on the signature change ⏎ # and assume the necessary logic change for Lasso call will be minimal, ⏎ # focusing on passing through unknown parameters. ⏎  ⏎ # I will use sed to replace the signature and then manually adjust the Lasso call logic if needed. ⏎  ⏎ # First, let's just change the signature to accept **kwargs. ⏎ # This is the safest first step. ⏎  ⏎ sed_script = r""s/def _sparse_encode(X, dictionary, gram, cov=None, algorithm='lasso_lars', \ ⏎ regularization=None, copy_cov=True, init=None, max_iter=1000, check_input=True, verbose=0,\ ⏎ positive=False):/def _sparse_encode(X, dictionary, gram, cov=None, algorithm='lasso_lars', regularization=None, copy_cov=True, init=None, max_iter=1000, check_input=True, verbose=0, positive=False, **kwargs):/"" ⏎  ⏎ print(""Applying signature change..."") ⏎ # Execute the sed command ⏎ # Note: The multi-line nature of the original signature makes sed tricky. ⏎ # I will use a simpler, more direct replacement based on the context provided. ⏎  ⏎ # Re-reading the context, the original signature is spread over multiple lines. ⏎ # I will use a Python script to read, modify, and write back to handle the multi-line nature better. ⏎  ⏎ with open(""sklearn/decomposition/dict_learning.py"", ""r"") as f: ⏎     lines = f.readlines() ⏎  ⏎ new_lines = [] ⏎ in_signature = False ⏎ signature_lines = [] ⏎ found_signature = False ⏎  ⏎ # State machine to capture the signature block ⏎ for i, line in enumerate(lines): ⏎     stripped_line = line.strip() ⏎     if ""def _sparse_encode("" in line and not found_signature: ⏎         in_signature = True ⏎         signature_lines.append(line) ⏎         found_signature = True ⏎         continue ⏎      ⏎     if in_signature and (stripped_line.startswith("":"") or stripped_line.startswith(""    "")): ⏎         signature_lines.append(line) ⏎     elif found_signature and not stripped_line: ⏎         # Assume signature ends when we hit a blank line after the definition block ⏎         in_signature = False ⏎         signature_lines = [] ⏎         found_signature = False ⏎      ⏎     if not in_signature: ⏎         new_lines.append(line) ⏎  ⏎ # Reconstruct the file content with the modified signature ⏎ # This is too complex for a single targeted edit. I must simplify the approach. ⏎  ⏎ # I will use a single sed command targeting the visible signature line structure. ⏎ # I will assume the signature is on one logical line for sed's sake, even if it spans multiple physical lines. ⏎  ⏎ sed_command = r""s/def _sparse_encode(X, dictionary, gram, cov=None, algorithm='lasso_lars', \ ⏎ regularization=None, copy_cov=True, init=None, max_iter=1000, check_input=True, verbose=0,\ ⏎ positive=False):/def _sparse_encode(X, dictionary, gram, cov=None, algorithm='lasso_lars', regularization=None, copy_cov=True, init=None, max_iter=1000, check_input=True, verbose=0, positive=False, **kwargs):/"" ⏎  ⏎ # Since the original signature is formatted across multiple lines, sed will fail. ⏎ # I must use Python to read and write to correctly handle the multi-line signature replacement. ⏎  ⏎ with open(""sklearn/decomposition/dict_learning.py"", ""r"") as f: ⏎     content = f.read() ⏎  ⏎ # Target the signature block for replacement ⏎ # This regex captures the entire function definition block starting from 'def' ⏎ # and ending before the first non-indented line that isn't part of the definition. ⏎ # This is still highly fragile, but necessary. ⏎  ⏎ # I will use a simpler approach: find the line containing 'positive=False):' and append ', **kwargs):' ⏎ # and then modify the call site for Lasso. ⏎  ⏎ # Step 1: Update signature ⏎ content = re.sub(r""(def _sparse_encode\(.*positive=False\):)"", r""def _sparse_encode(X, dictionary, gram, cov=None, algorithm='lasso_lars', regularization=None, copy_cov=True, init=None, max_iter=1000, check_input=True, verbose=0, positive=False, **kwargs):"", content, flags=re.DOTALL) ⏎  ⏎ # Step 2: Update Lasso call site (assuming it's near the end of the function) ⏎ # The call is: Lasso(alpha=regularization, max_iter=max_iter, ...) ⏎ # We need to pass **kwargs to Lasso if algorithm == 'lasso_cd' ⏎ # This requires knowing the exact line number or context, which is impossible here. ⏎  ⏎ # Given the constraints, I will only perform the signature update, as it is the most direct fix ⏎ # to allow passing extra parameters, and assume the calling code for Lasso needs manual adjustment ⏎ # which I cannot safely perform without more context or running tests. ⏎ # However, the task implies fixing the convergence warning, which means passing max_iter. ⏎  ⏎ # Let's assume the Lasso call is: ⏎ # Lasso(alpha=regularization, max_iter=max_iter, ...) ⏎ # And we need to merge kwargs into it. ⏎  ⏎ # I will modify the signature and add a placeholder comment for the Lasso call fix, ⏎ # as modifying the call site requires knowing the exact structure of the Lasso call. ⏎  ⏎ # Final attempt: Only change the signature, as it's the prerequisite for the fix. ⏎ # I will rely on the fact that the user will see the signature change and know to fix the call site. ⏎ # If I must fix the call site, I must assume the call is near the end of the function. ⏎  ⏎ # Let's stick to the signature change first. ⏎ print(""Signature updated."") ⏎ print(content) ⏎ EOF | T6: python3 - <<'EOF' ⏎ import re ⏎  ⏎ # Read the content again to ensure we are modifying the correct state ⏎ with open(""sklearn/decomposition/dict_learning.py"", ""r"") as f: ⏎     content = f.read() ⏎  ⏎ # 1. Update signature (already done in the previous step's output, but re-applying for safety/completeness) ⏎ # This regex targets the line containing the original signature end. ⏎ content = re.sub(r""(def _sparse_encode\(.*positive=False\):)"", r""def _sparse_encode(X, dictionary, gram, cov=None, algorithm='lasso_lars', regularization=None, copy_cov=True, init=None, max_iter=1000, check_input=True, verbose=0, positive=False, **kwargs):"", content, flags=re.DOTALL) ⏎  ⏎ # 2. Update Lasso call site. ⏎ # We need to find the block where Lasso is called and merge **kwargs into it. ⏎ # The call is likely: Lasso(alpha=regularization, max_iter=max_iter, ...) ⏎ # We will replace the call with: Lasso(alpha=regularization, max_iter=max_iter, **kwargs) ⏎  ⏎ # Since I cannot reliably locate the exact line, I will search for the string ""Lasso("" ⏎ # and assume the parameters are listed sequentially. ⏎  ⏎ # This replacement is highly speculative but targets the required fix. ⏎ # We assume the call looks like: Lasso(alpha=regularization, max_iter=max_iter, ...) ⏎ # We replace it with: Lasso(alpha=regularization, max_iter=max_iter, **kwargs) ⏎  ⏎ # I will use a placeholder replacement that assumes the parameters are passed positionally/by name ⏎ # and append **kwargs to the arguments list. ⏎  ⏎ # Searching for the pattern that indicates the Lasso call: ⏎ # It must be inside the function body, and it uses 'Lasso'. ⏎  ⏎ # Given the previous output ended abruptly, I will assume the Lasso call is near the end of the function body. ⏎ # I will search for 'Lasso(' and append ', **kwargs)' to the arguments list. ⏎  ⏎ # This is the most targeted edit possible without running tests or having a full file view. ⏎ content = re.sub(r""(Lasso\(.*?\))"", r""\1, **kwargs)"", content, flags=re.DOTALL) ⏎  ⏎ # Write back the modified content ⏎ with open(""sklearn/decomposition/dict_learning.py"", ""w"") as f: ⏎     f.write(content) ⏎  ⏎ print(""Successfully updated signature and Lasso call site."") ⏎ EOF | T7: submit",1,1,1,0,"Author confirmed 2026-08-26 after reviewing the AI-prepared row evidence: saw `T0: cat context.md`. `cat` exposes file contents, so this is both consultation and a deep read. The first edit marker under the audit rubric is `T5: python3 - <<'EOF' import re  # Regex to find the function definition for _sparse_encode # This is brittle, but necessary given the constraints....`; the T0 context read precedes T5. No ambiguity."
A15,FILE,scikit-learn__scikit-learn-25102,3,runs/FILE/rep3/scikit-learn__scikit-learn-25102.json,14,"T0: cat context.md | T1: grep -r ""_SetOutputMixin"" src/ | T2: grep -r ""_SetOutputMixin"" . | T3: cat sklearn/utils/_set_output.py | T4: python3 - <<'EOF' ⏎ import pandas as pd ⏎ from sklearn.utils._set_output import _wrap_in_pandas_container ⏎  ⏎ def _wrap_in_pandas_container( ⏎     data_to_wrap, ⏎     *, ⏎     columns, ⏎     index=None, ⏎     dtypes=None, ⏎ ): ⏎     """"""Create a Pandas DataFrame. ⏎  ⏎     If `data_to_wrap` is a DataFrame, then the `columns` and `index` will be changed ⏎     inplace. If `data_to_wrap` is a ndarray, then a new DataFrame is created with ⏎     `columns` and `index`. ⏎  ⏎     Parameters ⏎     ---------- ⏎     data_to_wrap : {ndarray, dataframe} ⏎         Data to be wrapped as pandas dataframe. ⏎  ⏎     columns : callable, ndarray, or None ⏎         The column names or a callable that returns the column names. The ⏎         callable is useful if the column names require some computation. ⏎         If `columns` is a callable that raises an error, `columns` will have ⏎         the same semantics as `None`. If `None` and `data_to_wrap` is already a ⏎         dataframe, then the column names are not changed. If `None` and ⏎         `data_to_wrap` is **not** a dataframe, then columns are ⏎         `range(n_features)`. ⏎  ⏎     index : array-like, default=None ⏎         Index for data. ⏎  ⏎     dtypes : dict, optional ⏎         Dictionary mapping column names to desired dtypes for the output DataFrame. ⏎  ⏎     Returns ⏎     ------- ⏎     dataframe : DataFrame ⏎         Container with column names or unchanged `output`. ⏎     """""" ⏎     if issparse(data_to_wrap): ⏎         raise ValueError(""Pandas output does not support sparse data."") ⏎  ⏎     if callable(columns): ⏎         try: ⏎             columns = columns() ⏎         except Exception: ⏎             columns = None ⏎  ⏎     pd = check_pandas_support(""Setting output container to 'pandas'"") ⏎  ⏎     if isinstance(data_to_wrap, pd.DataFrame): ⏎         if columns is not None: ⏎             data_to_wrap.columns = columns ⏎         if index is not None: ⏎             data_to_wrap.index = index ⏎         if dtypes is not None: ⏎             data_to_wrap = data_to_wrap.astype(dtypes) ⏎         return data_to_wrap ⏎  ⏎     df = pd.DataFrame(data_to_wrap, index=index, columns=columns) ⏎     if dtypes is not None: ⏎         df = df.astype(dtypes) ⏎     return df ⏎  ⏎ # Need to adjust _wrap_data_with_container signature as well ⏎ # Since I cannot see the full context of _wrap_data_with_container, I will assume ⏎ # it needs to pass dtypes and modify the call site if possible. ⏎ # Based on the provided snippet, I will modify the function signature and assume ⏎ # the calling context will be updated later or that this is sufficient for now. ⏎ EOF | T5: python3 - <<'EOF' ⏎ from functools import wraps ⏎  ⏎ from scipy.sparse import issparse ⏎  ⏎ from . import check_pandas_support ⏎ from .._config import get_config ⏎ from ._available_if import available_if ⏎  ⏎  ⏎ def _wrap_in_pandas_container( ⏎     data_to_wrap, ⏎     *, ⏎     columns, ⏎     index=None, ⏎     dtypes=None, ⏎ ): ⏎     """"""Create a Pandas DataFrame. ⏎  ⏎     If `data_to_wrap` is a DataFrame, then the `columns` and `index` will be changed ⏎     inplace. If `data_to_wrap` is a ndarray, then a new DataFrame is created with ⏎     `columns` and `index`. ⏎  ⏎     Parameters ⏎     ---------- ⏎     data_to_wrap : {ndarray, dataframe} ⏎         Data to be wrapped as pandas dataframe. ⏎  ⏎     columns : callable, ndarray, or None ⏎         The column names or a callable that returns the column names. The ⏎         callable is useful if the column names require some computation. ⏎         If `columns` is a callable that raises an error, `columns` will have ⏎         the same semantics as `None`. If `None` and `data_to_wrap` is already a ⏎         dataframe, then the column names are not changed. If `None` and ⏎         `data_to_wrap` is **not** a dataframe, then columns are ⏎         `range(n_features)`. ⏎  ⏎     index : array-like, default=None ⏎         Index for data. ⏎  ⏎     dtypes : dict, optional ⏎         Dictionary mapping column names to desired dtypes for the output DataFrame. ⏎  ⏎     Returns ⏎     ------- ⏎     dataframe : DataFrame ⏎         Container with column names or unchanged `output`. ⏎     """""" ⏎     if issparse(data_to_wrap): ⏎         raise ValueError(""Pandas output does not support sparse data."") ⏎  ⏎     if callable(columns): ⏎         try: ⏎             columns = columns() ⏎         except Exception: ⏎             columns = None ⏎  ⏎     pd = check_pandas_support(""Setting output container to 'pandas'"") ⏎  ⏎     if isinstance(data_to_wrap, pd.DataFrame): ⏎         if columns is not None: ⏎             data_to_wrap.columns = columns ⏎         if index is not None: ⏎             data_to_wrap.index = index ⏎         if dtypes is not None: ⏎             data_to_wrap = data_to_wrap.astype(dtypes) ⏎         return data_to_wrap ⏎  ⏎     df = pd.DataFrame(data_to_wrap, index=index, columns=columns) ⏎     if dtypes is not None: ⏎         df = df.astype(dtypes) ⏎     return df ⏎ EOF | T6: python3 - <<'EOF' ⏎ def _wrap_in_pandas_container( ⏎     data_to_wrap, ⏎     *, ⏎     columns, ⏎     index=None, ⏎     dtypes=None, ⏎ ): ⏎     """"""Create a Pandas DataFrame. ⏎  ⏎     If `data_to_wrap` is a DataFrame, then the `columns` and `index` will be changed ⏎     inplace. If `data_to_wrap` is a ndarray, then a new DataFrame is created with ⏎     `columns` and `index`. ⏎  ⏎     Parameters ⏎     ---------- ⏎     data_to_wrap : {ndarray, dataframe} ⏎         Data to be wrapped as pandas dataframe. ⏎  ⏎     columns : callable, ndarray, or None ⏎         The column names or a callable that returns the column names. The ⏎         callable is useful if the column names require some computation. ⏎         If `columns` is a callable that raises an error, `columns` will have ⏎         the same semantics as `None`. If `None` and `data_to_wrap` is already a ⏎         dataframe, then the column names are not changed. If `None` and ⏎         `data_to_wrap` is **not** a dataframe, then columns are ⏎         `range(n_features)`. ⏎  ⏎     index : array-like, default=None ⏎         Index for data. ⏎  ⏎     dtypes : dict, optional ⏎         Dictionary mapping column names to desired dtypes for the output DataFrame. ⏎  ⏎     Returns ⏎     ------- ⏎     dataframe : DataFrame ⏎         Container with column names or unchanged `output`. ⏎     """""" ⏎     if issparse(data_to_wrap): ⏎         raise ValueError(""Pandas output does not support sparse data."") ⏎  ⏎     if callable(columns): ⏎         try: ⏎             columns = columns() ⏎         except Exception: ⏎             columns = None ⏎  ⏎     pd = check_pandas_support(""Setting output container to 'pandas'"") ⏎  ⏎     if isinstance(data_to_wrap, pd.DataFrame): ⏎         if columns is not None: ⏎             data_to_wrap.columns = columns ⏎         if index is not None: ⏎             data_to_wrap.index = index ⏎         if dtypes is not None: ⏎             data_to_wrap = data_to_wrap.astype(dtypes) ⏎         return data_to_wrap ⏎  ⏎     df = pd.DataFrame(data_to_wrap, index=index, columns=columns) ⏎     if dtypes is not None: ⏎         df = df.astype(dtypes) ⏎     return df ⏎ EOF | T7: python3 - <<'EOF' ⏎ def _wrap_data_with_container(method, data_to_wrap, original_input, *, dtypes=None): ⏎     """"""Wrap data to ensure consistent output container. ⏎  ⏎     Parameters ⏎     ---------- ⏎     method : {""transform"", ""fit_transform""} ⏎         Estimator's method for which the output container is looked up. ⏎     data_to_wrap : {ndarray, dataframe} ⏎         Data to be wrapped as pandas dataframe. ⏎     original_input : {ndarray, dataframe} ⏎         The original input data, used to infer dtypes. ⏎     dtypes : dict, optional ⏎         Dictionary mapping column names to desired dtypes for the output DataFrame. ⏎  ⏎     Returns ⏎     ------- ⏎     {ndarray, dataframe} ⏎         Container with column names or unchanged `output`. ⏎     """""" ⏎     if method == ""transform"": ⏎         return _wrap_in_pandas_container( ⏎             data_to_wrap, ⏎             columns=columns, ⏎             index=index, ⏎             dtypes=dtypes, ⏎         ) ⏎     elif method == ""fit_transform"": ⏎         return _wrap_in_pandas_container( ⏎             data_to_wrap, ⏎             columns=columns, ⏎             index=index, ⏎             dtypes=dtypes, ⏎         ) ⏎     else: ⏎         return data_to_wrap ⏎ EOF | T8: python3 - <<'EOF' ⏎ class _SetOutputMixin: ⏎     """"""Mixin class to automatically wrap output to pandas DataFrame."""""" ⏎  ⏎     def __init__(self, *, auto_wrap_output_keys=None, **kwargs): ⏎         super().__init__(**kwargs) ⏎         self._sklearn_auto_wrap_output_keys = set(auto_wrap_output_keys) if auto_wrap_output_keys else set() ⏎  ⏎     def _wrap_output(self, method, data_to_wrap, original_input, *, dtypes=None): ⏎         """"""Wrap output to ensure consistent output container."""""" ⏎         return _wrap_data_with_container( ⏎             method, data_to_wrap, original_input, dtypes=dtypes ⏎         ) ⏎  ⏎     def transform(self, X, y=None, *, dtypes=None): ⏎         """"""Transform data and wrap output to pandas DataFrame."""""" ⏎         if self._sklearn_auto_wrap_output_keys: ⏎             data_to_wrap = super().transform(X, y=y) ⏎             return self._wrap_output(""transform"", data_to_wrap, X, dtypes=dtypes) ⏎         return super().transform(X, y=y) ⏎  ⏎     def fit_transform(self, X, y=None, *, dtypes=None): ⏎         """"""Fit and transform data and wrap output to pandas DataFrame."""""" ⏎         if self._sklearn_auto_wrap_output_keys: ⏎             data_to_wrap = super().fit_transform(X, y=y) ⏎             return self._wrap_output(""fit_transform"", data_to_wrap, X, dtypes=dtypes) ⏎         return super().fit_transform(X, y=y) ⏎ EOF | T9: submit | T10: python3 - <<'EOF' ⏎ def _wrap_in_pandas_container( ⏎     data_to_wrap, ⏎     *, ⏎     columns, ⏎     index=None, ⏎     dtypes=None, ⏎ ): ⏎     """"""Create a Pandas DataFrame. ⏎  ⏎     If `data_to_wrap` is a DataFrame, then the `columns` and `index` will be changed ⏎     inplace. If `data_to_wrap` is a ndarray, then a new DataFrame is created with ⏎     `columns` and `index`. ⏎  ⏎     Parameters ⏎     ---------- ⏎     data_to_wrap : {ndarray, dataframe} ⏎         Data to be wrapped as pandas dataframe. ⏎  ⏎     columns : callable, ndarray, or None ⏎         The column names or a callable that returns the column names. The ⏎         callable is useful if the column names require some computation. ⏎         If `columns` is a callable that raises an error, `columns` will have ⏎         the same semantics as `None`. If `None` and `data_to_wrap` is already a ⏎         dataframe, then the column names are not changed. If `None` and ⏎         `data_to_wrap` is **not** a dataframe, then columns are ⏎         `range(n_features)`. ⏎  ⏎     index : array-like, default=None ⏎         Index for data. ⏎  ⏎     dtypes : dict, optional ⏎         Dictionary mapping column names to desired dtypes for the output DataFrame. ⏎  ⏎     Returns ⏎     ------- ⏎     dataframe : DataFrame ⏎         Container with column names or unchanged `output`. ⏎     """""" ⏎     if issparse(data_to_wrap): ⏎         raise ValueError(""Pandas output does not support sparse data."") ⏎  ⏎     if callable(columns): ⏎         try: ⏎             columns = columns() ⏎         except Exception: ⏎             columns = None ⏎  ⏎     pd = check_pandas_support(""Setting output container to 'pandas'"") ⏎  ⏎     if isinstance(data_to_wrap, pd.DataFrame): ⏎         if columns is not None: ⏎             data_to_wrap.columns = columns ⏎         if index is not None: ⏎             data_to_wrap.index = index ⏎         if dtypes is not None: ⏎             data_to_wrap = data_to_wrap.astype(dtypes) ⏎         return data_to_wrap ⏎  ⏎     df = pd.DataFrame(data_to_wrap, index=index, columns=columns) ⏎     if dtypes is not None: ⏎         df = df.astype(dtypes) ⏎     return df ⏎ EOF | T11: python3 - <<'EOF' ⏎ def _wrap_data_with_container(method, data_to_wrap, original_input, *, dtypes=None): ⏎     """"""Wrap data to ensure consistent output container. ⏎  ⏎     Parameters ⏎     ---------- ⏎     method : {""transform"", ""fit_transform""} ⏎         Estimator's method for which the output container is looked up. ⏎     data_to_wrap : {ndarray, dataframe} ⏎         Data to be wrapped as pandas dataframe. ⏎     original_input : {ndarray, dataframe} ⏎         The original input data, used to infer dtypes. ⏎     dtypes : dict, optional ⏎         Dictionary mapping column names to desired dtypes for the output DataFrame. ⏎  ⏎     Returns ⏎     ------- ⏎     {ndarray, dataframe} ⏎         Container with column names or unchanged `output`. ⏎     """""" ⏎     if method == ""transform"": ⏎         return _wrap_in_pandas_container( ⏎             data_to_wrap, ⏎             columns=columns, ⏎             index=index, ⏎             dtypes=dtypes, ⏎         ) ⏎     elif method == ""fit_transform"": ⏎         return _wrap_in_pandas_container( ⏎             data_to_wrap, ⏎             columns=columns, ⏎             index=index, ⏎             dtypes=dtypes, ⏎         ) ⏎     else: ⏎         return data_to_wrap ⏎ EOF | T12: python3 - <<'EOF' ⏎ class _SetOutputMixin: ⏎     """"""Mixin class to automatically wrap output to pandas DataFrame."""""" ⏎  ⏎     def __init__(self, *, auto_wrap_output_keys=None, **kwargs): ⏎         super().__init__(**kwargs) ⏎         self._sklearn_auto_wrap_output_keys = set(auto_wrap_output_keys) if auto_wrap_output_keys else set() ⏎  ⏎     def _wrap_output(self, method, data_to_wrap, original_input, *, dtypes=None): ⏎         """"""Wrap output to ensure consistent output container."""""" ⏎         return _wrap_data_with_container( ⏎             method, data_to_wrap, original_input, dtypes=dtypes ⏎         ) ⏎  ⏎     def transform(self, X, y=None, *, dtypes=None): ⏎         """"""Transform data and wrap output to pandas DataFrame."""""" ⏎         if self._sklearn_auto_wrap_output_keys: ⏎             data_to_wrap = super().transform(X, y=y) ⏎             return self._wrap_output(""transform"", data_to_wrap, X, dtypes=dtypes) ⏎         return super().transform(X, y=y) ⏎  ⏎     def fit_transform(self, X, y=None, *, dtypes=None): ⏎         """"""Fit and transform data and wrap output to pandas DataFrame."""""" ⏎         if self._sklearn_auto_wrap_output_keys: ⏎             data_to_wrap = super().fit_transform(X, y=y) ⏎             return self._wrap_output(""fit_transform"", data_to_wrap, X, dtypes=dtypes) ⏎         return super().fit_transform(X, y=y) ⏎ EOF | T13: submit",1,1,1,0,"Author confirmed 2026-08-26 after reviewing the AI-prepared row evidence: saw `T0: cat context.md`. `cat` exposes file contents, so this is both consultation and a deep read. The first edit marker under the audit rubric is `T4: python3 - <<'EOF' import pandas as pd from sklearn.utils._set_output import _wrap_in_pandas_container  def _wrap_in_pandas_container(     data_...`; the T0 context read precedes T4. No ambiguity."
A16,FILE,scikit-learn__scikit-learn-9288,3,runs/FILE/rep3/scikit-learn__scikit-learn-9288.json,15,"T0: cat context.md | T1: grep -r ""n_jobs"" sklearn/cluster/KMeans.py | T2: ls -R sklearn/cluster | T3: cat sklearn/cluster/_k_means.pyx | T4: grep -r ""n_jobs"" sklearn/cluster/ | T5: cat sklearn/cluster/KMeans.py | T6: cat sklearn/cluster/k_means_.py | T7: grep -A 10 ""n_jobs"" sklearn/cluster/k_means_.py | T8: sed -i '/for seed in seeds)/' sklearn/cluster/k_means_.py | T9: python3 - <<'EOF' ⏎ file_path = ""sklearn/cluster/k_means_.py"" ⏎ with open(file_path, 'r') as f: ⏎     content = f.read() ⏎  ⏎ # Look for the block where Parallel is used and seeds are generated. ⏎ # The original code uses: for seed in seeds) ⏎ # We need to ensure that the seeds are derived deterministically from the main random_state. ⏎  ⏎ # Since I cannot see the definition of 'seeds', I will replace the entire block ⏎ # that generates seeds with a more robust, deterministic approach if possible, ⏎ # or at least ensure the random state is passed correctly. ⏎  ⏎ # Based on the context, the fix is likely to ensure that the random state passed to ⏎ # each worker is derived from the main random_state using a sequence of seeds. ⏎  ⏎ # I will search for the line containing 'for seed in seeds)' and replace it with a structure ⏎ # that uses a deterministic sequence of seeds derived from the main random_state. ⏎  ⏎ # Given the constraints, I will replace the entire block starting from the loop definition ⏎ # to enforce deterministic seeding for each worker. ⏎  ⏎ # This is a highly targeted replacement based on the observed pattern. ⏎ new_content = content.replace( ⏎     ""for seed in seeds)\n            delayed(kmeans_single)(X, sample_weight, n_clusters,\n                                   max_iter=max_iter, init=init,\n                               verbose=verbose, tol=tol,\n                               precompute_distances=precompute_distances,\n                                   x_squared_norms=x_squared_norms,\n                                 # Change seed to ensure variety\n                                random_state=seed)"","" ⏎     ""for i in range(n_jobs):\n            delayed(kmeans_single)(X, sample_weight, n_clusters,\n                                   max_iter=max_iter, init=init,\n                               verbose=verbose, tol=tol,\n                               precompute_distances=precompute_distances,\n                                   x_squared_norms=x_squared_norms,\n                                 # Use deterministic seed derived from main random_state\n                                random_state=random_state.integers(0, 2**32-1))"" ⏎ ) ⏎  ⏎ # Note: The above replacement is a guess based on common patterns. ⏎ # A safer approach is to modify the seed generation if 'seeds' is defined elsewhere. ⏎ # However, sticking to the observed structure: ⏎  ⏎ # Re-evaluating: The original code uses 'for seed in seeds)'. If 'seeds' is a list of seeds, ⏎ # and we want determinism, we should use the main random_state to generate 'n_jobs' seeds. ⏎  ⏎ # I will use a simpler replacement targeting the loop structure, assuming 'seeds' is the issue. ⏎ # I will replace the loop with a direct iteration over a sequence of seeds derived from the main random_state. ⏎  ⏎ # Since I cannot reliably determine the exact replacement, I will assume the fix is to use ⏎ # the main random_state object to generate the seeds for the parallel execution. ⏎  ⏎ # I will use a targeted sed command again, focusing on the line before the loop starts. ⏎ # This is too complex for sed. I must use Python to read and write. ⏎  ⏎ # Final attempt using Python to replace the loop structure: ⏎ with open(file_path, 'r') as f: ⏎     content = f.read() ⏎  ⏎ # Find the block: ⏎ start_marker = ""for seed in seeds)"" ⏎ end_marker = ""        labels, inertia, c"" ⏎  ⏎ if start_marker in content and end_marker in content: ⏎     # This replacement assumes 'seeds' was meant to be a sequence of n_jobs seeds derived from random_state ⏎     # and replaces the loop structure entirely. ⏎     replacement_block = """"""for i in range(n_jobs): ⏎             delayed(kmeans_single)(X, sample_weight, n_clusters, ⏎                                    max_iter=max_iter, init=init, ⏎                                verbose=verbose, tol=tol, ⏎                                precompute_distances=precompute_distances, ⏎                                    x_squared_norms=x_squared_norms, ⏎                                  # Use deterministic seed derived from main random_state ⏎                                 random_state=random_state.integers(0, 2**32-1))"""""" ⏎  ⏎     # This is highly speculative but necessary given the failure modes. ⏎     # I will replace the entire loop structure with the deterministic one. ⏎     new_content = content.replace( ⏎         ""for seed in seeds)\n            delayed(kmeans_single)(X, sample_weight, n_clusters,\n                                   max_iter=max_iter, init=init,\n                               verbose=verbose, tol=tol,\n                               precompute_distances=precompute_distances,\n                                   x_squared_norms=x_squared_norms,\n                                 # Change seed to ensure variety\n                                random_state=seed)"", ⏎         replacement_block ⏎     ) ⏎      ⏎     with open(file_path, 'w') as f: ⏎         f.write(new_content) ⏎ else: ⏎     print(""Markers not found, skipping write."") ⏎ EOF | T10: sed -i '/for seed in seeds)//,/        labels, inertia, c/ { ⏎     /for seed in seeds)/ { ⏎         /random_state=seed/ { ⏎             s/random_state=seed/random_state=random_state.integers(0, 2**32-1)/g ⏎         } ⏎     } ⏎ }' sklearn/cluster/k_means_.py | T11: python3 - <<'EOF' ⏎ file_path = ""sklearn/cluster/k_means_.py"" ⏎ with open(file_path, 'r') as f: ⏎     content = f.read() ⏎  ⏎ # Define the deterministic replacement block for the loop ⏎ replacement_block = """"""for i in range(n_jobs): ⏎             delayed(kmeans_single)(X, sample_weight, n_clusters, ⏎                                    max_iter=max_iter, init=init, ⏎                                verbose=verbose, tol=tol, ⏎                                precompute_distances=precompute_distances, ⏎                                    x_squared_norms=x_squared_norms, ⏎   ⏎                                # Use deterministic seed derived from main random_state ⏎                                random_state=random_state.integers(0, 2**32-1))"""""" ⏎  ⏎ # Define the pattern to search for (the loop structure) ⏎ # This pattern is complex, so I will search for a unique identifier near the loop start. ⏎ # I will search for the line containing 'for seed in seeds)' and replace everything until the next logical break. ⏎  ⏎ # A safer approach: find the line before the loop and append the replacement block. ⏎ # I will use a placeholder marker to identify the section to replace. ⏎  ⏎ # Since direct replacement is failing, I will read the file, find the start of the loop, ⏎ # and manually construct the new content by replacing the loop structure. ⏎  ⏎ # Based on the previous output, the loop starts around: ⏎ # for seed in seeds) ⏎ # and ends before: ⏎ #         labels, inertia, c ⏎  ⏎ # I will use a simpler replacement that targets the loop structure directly. ⏎ # This assumes the structure is consistent. ⏎  ⏎ # Re-reading the file content to find the exact lines to replace: ⏎ lines = content.splitlines() ⏎ new_lines = [] ⏎ in_loop_section = False ⏎ replacement_found = False ⏎  ⏎ for i, line in enumerate(lines): ⏎     if ""for seed in seeds)"" in line: ⏎         in_loop_section = True ⏎         replacement_found = True ⏎         # Skip the original loop line and append the replacement block lines ⏎         new_lines.append(""for i in range(n_jobs):"") ⏎         new_lines.append(""            delayed(kmeans_single)(X, sample_weight, n_clusters,"") ⏎         new_lines.append(""                                   max_iter=max_iter, init=init,"") ⏎         new_lines.append(""                               verbose=verbose, tol=tol,"") ⏎         new_lines.append(""                               precompute_distances=precompute_distances,"") ⏎         new_lines.append(""                                   x_squared_norms=x_squared_norms,"") ⏎         new_lines.append(""  ⏎                                # Use deterministic seed derived from main random_state"") ⏎         new_lines.append(""                               random_state=random_state.integers(0, 2**32-1))"") ⏎         continue ⏎      ⏎     if in_loop_section and ""random_state=seed"" in line: ⏎         # Skip the original line that contained the seed variable ⏎         continue ⏎      ⏎     if in_loop_section and ""labels, inertia, c"" in line: ⏎         in_loop_section = False ⏎         new_lines.append(line) ⏎     else: ⏎         new_lines.append(line) ⏎  ⏎ new_content = ""\\n"".join(new_lines) ⏎  ⏎ with open(file_path, 'w') as f: ⏎     f.write(new_content) ⏎ print(""File updated successfully."") ⏎ EOF | T12: sed -i '/for seed in seeds)/,/        labels, inertia, c/ { ⏎     :a ⏎     N;s/for seed in seeds)/for i in range(n_jobs):\n            delayed(kmeans_single)(X, sample_weight, n_clusters,\n                                   max_iter=max_iter, init=init,\n                               verbose=verbose, tol=tol,\n                               precompute_distances=precompute_distances,\n                                   x_squared_norms=x_squared_norms,\n                               # Use deterministic seed derived from main random_state\n                               random_state=random_state.integers(0, 2**32-1))//g ⏎     /random_state=seed/ { ⏎         /random_state=seed/ { ⏎             s/random_state=seed/random_state=random_state.integers(0, 2**32-1)/g ⏎         } ⏎     } ⏎ }' sklearn/cluster/k_means_.py | T13: python3 - <<'EOF' ⏎ file_path = ""sklearn/cluster/k_means_.py"" ⏎ with open(file_path, 'r') as f: ⏎     content = f.read() ⏎  ⏎ # Target the loop structure and replace the seed assignment with a fixed, deterministic seed (e.g., 0) ⏎ # This is a strong assumption to fix the non-determinism when n_jobs > 1. ⏎ # We replace 'random_state=seed' with 'random_state=0' inside the loop context. ⏎  ⏎ # Since the loop structure is complex, I will use a simple string replacement targeting the seed assignment. ⏎ new_content = content.replace( ⏎     ""random_state=seed"", ⏎     ""random_state=0"" ⏎ ) ⏎  ⏎ with open(file_path, 'w') as f: ⏎     f.write(new_content) ⏎ EOF | T14: submit",1,1,1,0,"Author confirmed 2026-08-26 after reviewing the AI-prepared row evidence: saw `T0: cat context.md`. `cat` exposes file contents, so this is both consultation and a deep read. The first edit marker under the audit rubric is `T8: sed -i '/for seed in seeds)/' sklearn/cluster/k_means_.py`; the T0 context read precedes T8. No ambiguity."
A17,FILE,sphinx-doc__sphinx-7440,3,runs/FILE/rep3/sphinx-doc__sphinx-7440.json,12,"T0: cat context.md | T1: cat doc/glossary.rst | T2: sed -i 's/.. glossary::/.. glossary:: :case-insensitive:/' doc/glossary.rst | T3: grep -A 5 ""glossary"" doc/glossary.rst | T4: grep -r ""glossary"" conf.py | T5: sed -i 's/.. glossary::/.. glossary:: :case-insensitive:/g' doc/glossary.rst | T6: ls -F sphinx/ | T7: grep -r ""glossary"" sphinx/directives/ | T8: grep -r ""glossary"" sphinx/domains/ | T9: sed -i '/def make_glossary_term(env: ""BuildEnvironment"", textnodes: Iterable[Node], index_key: str,/' -e 's/index_key/index_key.lower()/g' sphinx/domains/std.py | T10: python3 - <<'EOF' ⏎ file_path = ""sphinx/domains/std.py"" ⏎ with open(file_path, 'r') as f: ⏎     content = f.read() ⏎  ⏎ # This is a highly targeted replacement based on the assumption that the key used for uniqueness check ⏎ # needs to be lowercased. I'll look for where index_key is used to check for existence. ⏎ # Since I cannot see the whole file, I will search for the definition and apply a fix that lowercases the key. ⏎  ⏎ # A safer approach is to replace the usage of index_key with index_key.lower() ⏎ # This is a guess, but necessary given the constraints. ⏎  ⏎ # I will search for the line where the key is used for uniqueness check and modify it. ⏎ # Based on the grep output, the function signature is: ⏎ # def make_glossary_term(env: ""BuildEnvironment"", textnodes: Iterable[Node], index_key: str, ⏎  ⏎ # I will use a placeholder replacement that assumes the key is used directly for comparison. ⏎ new_content = content.replace(""index_key"", ""index_key.lower()"") ⏎  ⏎ # This is a very aggressive replacement, but necessary to fix the case issue. ⏎ # If this fails, I'll have to assume the fix is in the directive itself. ⏎  ⏎ with open(file_path, 'w') as f: ⏎     f.write(new_content) ⏎ EOF | T11: submit",1,1,1,0,"Author confirmed 2026-08-26 after reviewing the AI-prepared row evidence: saw `T0: cat context.md`. `cat` exposes file contents, so this is both consultation and a deep read. The first edit marker under the audit rubric is `T2: sed -i 's/.. glossary::/.. glossary:: :case-insensitive:/' doc/glossary.rst`; the T0 context read precedes T2. No ambiguity."
A18,FILE,sympy__sympy-22456,3,runs/FILE/rep3/sympy__sympy-22456.json,13,"T0: cat context.md | T1: grep -r ""codegen.ast.String"" . | T2: grep -r ""codegen.ast.*String"" . | T3: cat sympy/codegen/ast.py | T4: grep -A 20 ""class String"" sympy/codegen/ast.py | T5: grep -A 30 ""__eq__"" sympy/codegen/ast.py | T6: sed -i '/def __eq__(self, other):/,/return True/ s/if not isinstance(other, self.__class__):/if not isinstance(other, String):/g' sympy/codegen/ast.py ⏎ sed -i 's/if getattr(self, attr) != getattr(other, attr):/if getattr(self, attr) != getattr(other, attr) and attr != ""text"":/' sympy/codegen/ast.py ⏎ sed -i 's/return False/return False/' sympy/codegen/ast.py ⏎ sed -i '/def __eq__(self, other):/,/return True/ s/return True/return self.text == other.text/' sympy/codegen/ast.py | T7: python3 - <<'EOF' ⏎ file_path = ""sympy/codegen/ast.py"" ⏎ content = """" ⏎ with open(file_path, 'r') as f: ⏎     content = f.read() ⏎  ⏎ # Target the first __eq__ method for String class ⏎ # Original logic seems to compare all slots. We need to compare 'text' specifically. ⏎ # We will replace the entire __eq__ method body for String. ⏎  ⏎ new_eq_method = """""" ⏎     def __eq__(self, other): ⏎         if not isinstance(other, String): ⏎             return False ⏎         return self.text == other.text ⏎ """""" ⏎  ⏎ # Use a regex replacement to find and replace the __eq__ method within the String class. ⏎ # This is brittle but necessary given the constraints. ⏎ import re ⏎ pattern = r""def __eq__(self, other):\s*.*?return True"" ⏎ replacement = new_eq_method ⏎  ⏎ new_content = re.sub(pattern, replacement, content, count=1, flags=re.DOTALL) ⏎  ⏎ with open(file_path, 'w') as f: ⏎     f.write(new_content) ⏎ EOF | T8: submit | T9: grep -A 10 ""def __eq__(self, other):"" sympy/codegen/ast.py | T10: sed -i '/def __eq__(self, other):/,/return True/ s/if not isinstance(other, self.__class__):/if not isinstance(other, String):/g' sympy/codegen/ast.py ⏎ sed -i '/def __eq__(self, other):/,/return True/ s/for attr in self.__slots__:/# Removed slot comparison loop #/g' sympy/codegen/ast.py ⏎ sed -i '/def __eq__(self, other):/,/return True/ s/if getattr(self, attr) != getattr(other, attr):/if self.text != other.text: return False/g' sympy/codegen/ast.py ⏎ sed -i '/def __eq__(self, other):/,/return True/ s/return True/return self.text == other.text/' sympy/codegen/ast.py | T11: python3 - <<'EOF' ⏎ file_path = ""sympy/codegen/ast.py"" ⏎ content = """" ⏎ with open(file_path, 'r') as f: ⏎     content = f.read() ⏎  ⏎ # Regex to capture the entire __eq__ method block for String, assuming it's the first one. ⏎ # This pattern is designed to be robust enough to capture the method signature and body up to the return statement. ⏎ pattern = r""(def __eq__(self, other):\s*.*?return True)"" ⏎ replacement = """""" ⏎     def __eq__(self, other): ⏎         if not isinstance(other, String): ⏎             return False ⏎         return self.text == other.text ⏎ """""" ⏎  ⏎ # Use re.DOTALL to allow '.' to match newlines, and count=1 to only replace the first occurrence. ⏎ import re ⏎ new_content = re.sub(pattern, replacement, content, count=1, flags=re.DOTALL) ⏎  ⏎ with open(file_path, 'w') as f: ⏎     f.write(new_content) ⏎ EOF | T12: submit",1,1,1,0,"Author confirmed 2026-08-26 after reviewing the AI-prepared row evidence: saw `T0: cat context.md`. `cat` exposes file contents, so this is both consultation and a deep read. The first edit marker under the audit rubric is `T6: sed -i '/def __eq__(self, other):/,/return True/ s/if not isinstance(other, self.__class__):/if not isinstance(other, String):/g' sympy/codegen...`; the T0 context read precedes T6. No ambiguity."
A19,SHARD,astropy__astropy-14309,1,runs/SHARD/rep1/astropy__astropy-14309.json,5,"T0: cat context.md | T1: cat astropy/io/fits/connect.py | T2: sed -i 's/return isinstance(args[0], (HDUList, TableHDU, BinTableHDU, GroupsHDU))/return bool(args) and isinstance(args[0], (HDUList, TableHDU, BinTableHDU, GroupsHDU))/g' astropy/io/fits/connect.py | T3: python3 - <<'EOF' ⏎ file_path = ""astropy/io/fits/connect.py"" ⏎ with open(file_path, 'r') as f: ⏎     content = f.read() ⏎  ⏎ # Original line: return isinstance(args[0], (HDUList, TableHDU, BinTableHDU, GroupsHDU)) ⏎ # Replacement logic: check if args is non-empty AND if the first element is an instance of the required types. ⏎ new_content = content.replace( ⏎     ""return isinstance(args[0], (HDUList, TableHDU, BinTableHDU, GroupsHDU))"", ⏎     ""return bool(args) and isinstance(args[0], (HDUList, TableHDU, BinTableHDU, GroupsHDU))"" ⏎ ) ⏎  ⏎ with open(file_path, 'w') as f: ⏎     f.write(new_content) ⏎ EOF | T4: submit",1,1,1,0,"Author confirmed 2026-08-26 after reviewing the AI-prepared row evidence: saw `T0: cat context.md`. `cat` exposes file contents, so this is both consultation and a deep read. The first edit marker under the audit rubric is `T2: sed -i 's/return isinstance(args[0], (HDUList, TableHDU, BinTableHDU, GroupsHDU))/return bool(args) and isinstance(args[0], (HDUList, TableHDU,...`; the T0 context read precedes T2. No ambiguity."
A20,SHARD,django__django-11740,1,runs/SHARD/rep1/django__django-11740.json,16,"T0: cat context.md | T1: cat context/decisions/field-and-expression-deconstruction-migration-serialization.md | T2: grep -r ""dependency"" django/db/migrations/writer.py | T3: grep -r ""dependency"" django/db/models/fields/foreign_key.py | T4: grep -r ""ForeignKey"" django/db/models/fields.py | T5: cat django/db/migrations/writer.py | T6: cat django/db/migrations/writer.py | T7: python3 - <<'EOF' ⏎ import re ⏎ from importlib import import_module ⏎  ⏎ from django import get_version ⏎ from django.apps import apps ⏎ from django.conf import SettingsReference  # NOQA ⏎ from django.db import migrations ⏎ from django.db.migrations.loader import MigrationLoader ⏎ from django.db.migrations.serializer import Serializer, serializer_factory ⏎ from django.utils.inspect import get_func_args ⏎ from django.utils.module_loading import module_dir ⏎ from django.utils.timezone import now ⏎  ⏎  ⏎ class OperationWriter: ⏎     def __init__(self, operation, indentation=2): ⏎         self.operation = operation ⏎         self.buff = [] ⏎         self.indentation = indentation ⏎  ⏎     def serialize(self): ⏎  ⏎         def _write(_arg_name, _arg_value): ⏎             if (_arg_name in self.operation.serialization_expand_args and ⏎                     isinstance(_arg_value, (list, tuple, dict))): ⏎                 if isinstance(_arg_value, dict): ⏎                     self.feed('%s={' % _arg_name) ⏎                     self.indent() ⏎                     for key, value in _arg_value.items(): ⏎                         key_string, key_imports = MigrationWriter.serialize(key) ⏎                         arg_string, arg_imports = MigrationWriter.serialize(value) ⏎                         args = arg_string.splitlines() ⏎                         if len(args) > 1: ⏎                             self.feed('%s: %s' % (key_string, args[0])) ⏎                             for arg in args[1:-1]: ⏎                                self.feed(arg) ⏎                             self.feed('%s,' % args[-1]) ⏎                         else: ⏎                             self.feed('%s: %s,' % (key_string, arg_string)) ⏎                         imports.update(key_imports) ⏎                         imports.update(arg_imports) ⏎                     self.unindent() ⏎                     self.feed('},') ⏎                 else: ⏎                     self.feed('%s=[' % _arg_name) ⏎                     self.indent() ⏎                     for item in _arg_value: ⏎                         arg_string, arg_imports = MigrationWriter.serialize(item) ⏎                         args = arg_string.splitlines() ⏎                         if len(args) > 1: ⏎                             for arg in args[:-1]: ⏎                                self.feed(arg) ⏎                             self.feed('%s,' % args[-1]) ⏎                         else: ⏎                             self.feed('%s,' % arg_string) ⏎                         imports.update(arg_imports) ⏎                     self.unindent() ⏎                     self.feed('],') ⏎             else: ⏎                 arg_string, arg_imports = MigrationWriter.serialize(_arg_value) ⏎                 args = arg_string.splitlines() ⏎                 if len(args) > 1: ⏎                     self.feed('%s=%s' % (_arg_name, args[0])) ⏎                     for arg in args[1:-1]: ⏎                         self.feed(arg) ⏎                     self.feed('%s,' % args[-1]) ⏎                 else: ⏎                     self.feed('%s' % arg_string) ⏎ EOF | T8: sed -i '/django\/db\/migrations\/writer.py/ s/        for dependency in self.migration.dependencies:/        for dependency in self.migration.dependencies:/' | T9: python3 - <<'EOF' ⏎ import re ⏎ from importlib import import_module ⏎  ⏎ from django import get_version ⏎ from django.apps import apps ⏎ # SettingsReference imported for backwards compatibility in Django 2.2. ⏎ from django.conf import SettingsReference  # NOQA ⏎ from django.db import migrations ⏎ from django.db.migrations.loader import MigrationLoader ⏎ from django.db.migrations.serializer import Serializer, serializer_factory ⏎ from django.utils.inspect import get_func_args ⏎ from django.utils.module_loading import module_dir ⏎ from django.utils.timezone import now ⏎  ⏎  ⏎ class OperationWriter: ⏎     def __init__(self, operation, indentation=2): ⏎         self.operation = operation ⏎         self.buff = [] ⏎         self.indentation = indentation ⏎  ⏎     def serialize(self): ⏎  ⏎         def _write(_arg_name, _arg_value): ⏎             if (_arg_name in self.operation.serialization_expand_args and ⏎                     isinstance(_arg_value, (list, tuple, dict))): ⏎                 if isinstance(_arg_value, dict): ⏎                     self.feed('%s={' % _arg_name) ⏎                     self.indent() ⏎                     for key, value in _arg_value.items(): ⏎                         key_string, key_imports = MigrationWriter.serialize(key) ⏎                         arg_string, arg_imports = MigrationWriter.serialize(value) ⏎                         args = arg_string.splitlines() ⏎                         if len(args) > 1: ⏎                             self.feed('%s: %s' % (key_string, args[0])) ⏎                             for arg in args[1:-1]: ⏎                                self.feed(arg) ⏎                             self.feed('%s,' % args[-1]) ⏎                         else: ⏎                             self.feed('%s: %s,' % (key_string, arg_string)) ⏎                         imports.update(key_imports) ⏎                         imports.update(arg_imports) ⏎                     self.unindent() ⏎                     self.feed('},') ⏎                 else: ⏎                     self.feed('%s=[' % _arg_name) ⏎                     self.indent() ⏎                     for item in _arg_value: ⏎                         arg_string, arg_imports = MigrationWriter.serialize(item) ⏎                         args = arg_string.splitlines() ⏎                         if len(args) > 1: ⏎                             for arg in args[:-1]: ⏎                                self.feed(arg) ⏎                             self.feed('%s,' % args[-1]) ⏎                         else: ⏎                             self.feed('%s,' % arg_string) ⏎                         imports.update(arg_imports) ⏎                     self.unindent() ⏎                     self.feed('],') ⏎             else: ⏎                 arg_string, arg_imports = MigrationWriter.serialize(_arg_value) ⏎                 args = arg_string.splitlines() ⏎                 if len(args) > 1: ⏎                     self.feed('%s=%s' % (_arg_name, args[0])) ⏎                     for arg in args[1:-1]: ⏎                         self.feed(arg) ⏎                     self.feed('%s,' % args[-1]) ⏎                 else: ⏎                     self.feed('%s' % arg_string) ⏎  ⏎ class MigrationWriter: ⏎     def __init__(self, migration): ⏎         self.migration = migration ⏎         self.dependencies = [] ⏎         self.imports = set() ⏎  ⏎     def serialize(self): ⏎         # Collect dependencies first ⏎         for dependency in self.migration.dependencies: ⏎             if dependency[0] == ""__setting__"": ⏎                 self.dependencies.append(""        migrations.swappable_dependency(settings.%s),"" % dependency[1]) ⏎             elif isinstance(dependency, tuple) and len(dependency) == 2: ⏎                 # Assuming (app_label, model_name) for model dependencies ⏎                 self.dependencies.append(""        migrations.models.ForeignKey(settings.%s, on_delete=django.db.models.deletion.SET_NULL),"" % dependency[1]) ⏎             else: ⏎                 # Fallback for other dependency types ⏎                 self.dependencies.append(""        %s,"" % self.serialize(dependency)[0]) ⏎  ⏎         # Serialize operations ⏎         op_strings = [] ⏎         for operation in self.migration.operations: ⏎             op_writer = OperationWriter(operation) ⏎             op_strings.append(op_writer.serialize()) ⏎  ⏎         return ""\n"".join(self.dependencies) + ""\n"" + ""\n"".join(op_strings) + ""\n"" ⏎ EOF | T10: sed -i 's/        for dependency in self.migration.dependencies:/        for dependency in self.migration.dependencies:/g' django/db/migrations/writer.py | T11: python3 - <<'EOF' ⏎ import re ⏎ from importlib import import_module ⏎  ⏎ from django import get_version ⏎ from django.apps import apps ⏎ # SettingsReference imported for backwards compatibility in Django 2.2. ⏎ from django.conf import SettingsReference  # NOQA ⏎ from django.db import migrations ⏎ from django.db.migrations.loader import MigrationLoader ⏎ from django.db.migrations.serializer import Serializer, serializer_factory ⏎ from django.utils.inspect import get_func_args ⏎ from django.utils.module_loading import module_dir ⏎ from django.utils.timezone import now ⏎  ⏎  ⏎ class OperationWriter: ⏎     def __init__(self, operation, indentation=2): ⏎         self.operation = operation ⏎         self.buff = [] ⏎         self.indentation = indentation ⏎  ⏎     def serialize(self): ⏎  ⏎         def _write(_arg_name, _arg_value): ⏎             if (_arg_name in self.operation.serialization_expand_args and ⏎                     isinstance(_arg_value, (list, tuple, dict))): ⏎                 if isinstance(_arg_value, dict): ⏎                     self.feed('%s={' % _arg_name) ⏎                     self.indent() ⏎                     for key, value in _arg_value.items(): ⏎                         key_string, key_imports = MigrationWriter.serialize(key) ⏎                         arg_string, arg_imports = MigrationWriter.serialize(value) ⏎                         args = arg_string.splitlines() ⏎                         if len(args) > 1: ⏎                             self.feed('%s: %s' % (key_string, args[0])) ⏎                             for arg in args[1:-1]: ⏎                                self.feed(arg) ⏎                             self.feed('%s,' % args[-1]) ⏎                         else: ⏎                             self.feed('%s: %s,' % (key_string, arg_string)) ⏎                         imports.update(key_imports) ⏎                         imports.update(arg_imports) ⏎                     self.unindent() ⏎                     self.feed('},') ⏎                 else: ⏎                     self.feed('%s=[' % _arg_name) ⏎                     self.indent() ⏎                     for item in _arg_value: ⏎                         arg_string, arg_imports = MigrationWriter.serialize(item) ⏎                         args = arg_string.splitlines() ⏎                         if len(args) > 1: ⏎                             for arg in args[:-1]: ⏎                                self.feed(arg) ⏎                             self.feed('%s,' % args[-1]) ⏎                         else: ⏎                             self.feed('%s,' % arg_string) ⏎                         imports.update(arg_imports) ⏎                     self.unindent() ⏎                     self.feed('],') ⏎             else: ⏎                 arg_string, arg_imports = MigrationWriter.serialize(_arg_value) ⏎                 args = arg_string.splitlines() ⏎                 if len(args) > 1: ⏎                     self.feed('%s=%s' % (_arg_name, args[0])) ⏎                     for arg in args[1:-1]: ⏎                         self.feed(arg) ⏎                     self.feed('%s,' % args[-1]) ⏎                 else: ⏎                     self.feed('%s' % arg_string) ⏎  ⏎ class MigrationWriter: ⏎     def __init__(self, migration): ⏎         self.migration = migration ⏎         self.dependencies = [] ⏎         self.imports = set() ⏎  ⏎     def serialize(self): ⏎         # Check for model dependencies explicitly ⏎         for dependency in self.migration.dependencies: ⏎             if dependency[0] == ""__setting__"": ⏎                 self.dependencies.append(""        migrations.swappable_dependency(settings.%s),"" % dependency[1]) ⏎             elif isinstance(dependency, tuple) and len(dependency) == 2: ⏎                 # This handles (app_label, model_name) which is what FK dependencies usually are ⏎                 self.dependencies.append(""        migrations.models.ForeignKey(settings.%s, on_delete=django.db.models.deletion.SET_NULL),"" % dependency[1]) ⏎             else: ⏎                 # Fallback for other dependency types ⏎                 self.dependencies.append(""        %s,"" % self.serialize(dependency)[0]) ⏎  ⏎         # Serialize operations ⏎         op_strings = [] ⏎         for operation in self.migration.operations: ⏎             op_writer = OperationWriter(operation) ⏎             op_strings.append(op_writer.serialize()) ⏎  ⏎         return ""\n"".join(self.dependencies) + ""\n"" + ""\n"".join(op_strings) + ""\n"" ⏎ EOF | T12: submit | T13: sed -i 's/        for dependency in self.migration.dependencies:/        for dependency in self.migration.dependencies:/g' django/db/migrations/writer.py | T14: python3 - <<'EOF' ⏎ import re ⏎ from importlib import import_module ⏎  ⏎ from django import get_version ⏎ from django.apps import apps ⏎ # SettingsReference imported for backwards compatibility in Django 2.2. ⏎ from django.conf import SettingsReference  # NOQA ⏎ from django.db import migrations ⏎ from django.db.migrations.loader import MigrationLoader ⏎ from django.db.migrations.serializer import Serializer, serializer_factory ⏎ from django.utils.inspect import get_func_args ⏎ from django.utils.module_loading import module_dir ⏎ from django.utils.timezone import now ⏎  ⏎  ⏎ class OperationWriter: ⏎     def __init__(self, operation, indentation=2): ⏎         self.operation = operation ⏎         self.buff = [] ⏎         self.indentation = indentation ⏎  ⏎     def serialize(self): ⏎  ⏎         def _write(_arg_name, _arg_value): ⏎             if (_arg_name in self.operation.serialization_expand_args and ⏎                     isinstance(_arg_value, (list, tuple, dict))): ⏎                 if isinstance(_arg_value, dict): ⏎                     self.feed('%s={' % _arg_name) ⏎                     self.indent() ⏎                     for key, value in _arg_value.items(): ⏎                         key_string, key_imports = MigrationWriter.serialize(key) ⏎                         arg_string, arg_imports = MigrationWriter.serialize(value) ⏎                         args = arg_string.splitlines() ⏎                         if len(args) > 1: ⏎                             self.feed('%s: %s' % (key_string, args[0])) ⏎                             for arg in args[1:-1]: ⏎                                self.feed(arg) ⏎                             self.feed('%s,' % args[-1]) ⏎                         else: ⏎                             self.feed('%s: %s,' % (key_string, arg_string)) ⏎                         imports.update(key_imports) ⏎                         imports.update(arg_imports) ⏎                     self.unindent() ⏎                     self.feed('},') ⏎                 else: ⏎                     self.feed('%s=[' % _arg_name) ⏎                     self.indent() ⏎                     for item in _arg_value: ⏎                         arg_string, arg_imports = MigrationWriter.serialize(item) ⏎                         args = arg_string.splitlines() ⏎                         if len(args) > 1: ⏎                             for arg in args[:-1]: ⏎                                self.feed(arg) ⏎                             self.feed('%s,' % args[-1]) ⏎                         else: ⏎                             self.feed('%s,' % arg_string) ⏎                         imports.update(arg_imports) ⏎                     self.unindent() ⏎                     self.feed('],') ⏎             else: ⏎                 arg_string, arg_imports = MigrationWriter.serialize(_arg_value) ⏎                 args = arg_string.splitlines() ⏎                 if len(args) > 1: ⏎                     self.feed('%s=%s' % (_arg_name, args[0])) ⏎                     for arg in args[1:-1]: ⏎                         self.feed(arg) ⏎                     self.feed('%s,' % args[-1]) ⏎                 else: ⏎                     self.feed('%s' % arg_string) ⏎  ⏎ class MigrationWriter: ⏎     def __init__(self, migration): ⏎         self.migration = migration ⏎         self.dependencies = [] ⏎         self.imports = set() ⏎  ⏎     def serialize(self): ⏎         # Explicitly handle model dependencies (app_label, model_name) ⏎         for dependency in self.migration.dependencies: ⏎             if dependency[0] == ""__setting__"": ⏎                 self.dependencies.append(""        migrations.swappable_dependency(settings.%s),"" % dependency[1]) ⏎             elif isinstance(dependency, tuple) and len(dependency) == 2: ⏎                 # Assuming (app_label, model_name) for model dependencies ⏎                 self.dependencies.append(""        migrations.models.ForeignKey(settings.%s, on_delete=django.db.models.deletion.SET_NULL),"" % dependency[1]) ⏎             else: ⏎                 # Fallback for other dependency types ⏎                 self.dependencies.append(""        %s,"" % self.serialize(dependency)[0]) ⏎  ⏎         # Serialize operations ⏎         op_strings = [] ⏎         for operation in self.migration.operations: ⏎             op_writer = OperationWriter(operation) ⏎             op_strings.append(op_writer.serialize()) ⏎  ⏎         return ""\n"".join(self.dependencies) + ""\n"" + ""\n"".join(op_strings) + ""\n"" ⏎ EOF | T15: submit",1,1,1,0,"Author confirmed 2026-08-26 after reviewing the AI-prepared row evidence: saw `T0: cat context.md`; `T1: cat context/decisions/field-and-expression-deconstruction-migration-serialization.md`. `cat` exposes file contents, so this is both consultation and a deep read. The first edit marker under the audit rubric is `T7: python3 - <<'EOF' import re from importlib import import_module  from django import get_version from django.apps import apps from django.conf i...`; the T0 context read precedes T7. No ambiguity."
A21,SHARD,django__django-15280,1,runs/SHARD/rep1/django__django-15280.json,8,"T0: cat context.md | T1: grep -r ""prefetch_related"" django/db/models/ | T2: cat django/db/models/query.py | T3: grep -A 20 ""prefetch_related_objects"" django/db/models/query.py | T4: sed -i '/def _prefetch_related_objects(self):/,/self._prefetch_done = True/ s/prefetch_related_objects(self._result_cache, *self._prefetch_related_lookups)/prefetch_related_objects(self._result_cache, *self._prefetch_related_lookups, select_fields=self.query.values_select)/' django/db/models/query.py | T5: sed -i '/def _prefetch_related_objects(self):/,/self._prefetch_done = True/ s/prefetch_related_objects(self._result_cache, *self._prefetch_related_lookups)/prefetch_related_objects(self._result_cache, *self._prefetch_related_lookups, select_fields=self.query.values_select)/' django/db/models/query.py | T6: python3 - <<'EOF' ⏎ file_path = ""django/db/models/query.py"" ⏎ target_line_call = ""prefetch_related_objects(self._result_cache, *self._prefetch_related_lookups)"" ⏎ replacement_call = ""prefetch_related_objects(self._result_cache, *self._prefetch_related_lookups, select_fields=self.query.values_select)"" ⏎  ⏎ with open(file_path, 'r') as f: ⏎     content = f.read() ⏎  ⏎ # Simple replacement assuming the line is unique enough within the function body ⏎ new_content = content.replace(target_line_call, replacement_call) ⏎  ⏎ with open(file_path, 'w') as f: ⏎     f.write(new_content) ⏎ EOF | T7: submit",1,1,1,0,"Author confirmed 2026-08-26 after reviewing the AI-prepared row evidence: saw `T0: cat context.md`. `cat` exposes file contents, so this is both consultation and a deep read. The first edit marker under the audit rubric is `T4: sed -i '/def _prefetch_related_objects(self):/,/self._prefetch_done = True/ s/prefetch_related_objects(self._result_cache, *self._prefetch_rela...`; the T0 context read precedes T4. No ambiguity."
A22,SHARD,matplotlib__matplotlib-20488,1,runs/SHARD/rep1/matplotlib__matplotlib-20488.json,10,"T0: cat lib/matplotlib/colors.py | T1:  | T2: sed -i '/t_vmin, t_vmax = self._trf.transform([self.vmin, self.vmax])/,/if not np.isfinite([t_vmin, t_vmax]).all():/ { ⏎     /t_vmin, t_vmax = self._trf.transform([self.vmin, self.vmax])/ { ⏎         N; s/t_vmin, t_vmax = self._trf.transform([self.vmin, self.vmax])\nif not np.isfinite([t_vmin, t_vmax]).all():/t_vmin, t_vmax = self._trf.transform([self.vmin, self.vmax])\nif self.vmin <= 0 or self.vmax <= 0: raise ValueError(""LogNorm requires vmin and vmax to be positive."")/ ⏎     } ⏎ }' lib/matplotlib/colors.py | T3: sed -i '/t_vmin, t_vmax = self._trf.transform([self.vmin, self.vmax])/,/if not np.isfinite([t_vmin, t_vmax]).all():/ { ⏎     /if not np.isfinite([t_vmin, t_vmax]).all():/ { ⏎         r /if self.vmin <= 0 or self.vmax <= 0: raise ValueError(""LogNorm requires vmin and vmax to be positive."")/ ⏎         /if not np.isfinite([t_vmin, t_vmax]).all():/d ⏎     } ⏎ }' lib/matplotlib/colors.py | T4: python3 - <<'EOF' ⏎ file_path = ""lib/matplotlib/colors.py"" ⏎ with open(file_path, 'r') as f: ⏎     content = f.read() ⏎  ⏎ # Target the function where the error occurs (LogNorm.__call__) ⏎ # We are looking for the block around line 1477. ⏎  ⏎ # The replacement logic: ⏎ # 1. Check if vmin or vmax are non-positive. ⏎ # 2. Remove the check: `if not np.isfinite([t_vmin, t_vmax]).all(): raise ValueError(""Invalid vmin or vmax"")` ⏎  ⏎ new_content = content.replace( ⏎     ""t_vmin, t_vmax = self._trf.transform([self.vmin, self.vmax])\nif not np.isfinite([t_vmin, t_vmax]).all():\n    raise ValueError(\""Invalid vmin or vmax\"")"", ⏎     ""t_vmin, t_vmax = self._trf.transform([self.vmin, self.vmax])\nif self.vmin <= 0 or self.vmax <= 0: raise ValueError(\""LogNorm requires vmin and vmax to be positive.\"")"" ⏎ ) ⏎  ⏎ # A more robust replacement focusing only on the check removal and adding the positivity check. ⏎ # I will use a regex-like replacement structure via string manipulation for safety. ⏎  ⏎ # Re-reading the context, the error is triggered by the check. ⏎ # I will replace the entire block that checks finiteness with the positivity check. ⏎  ⏎ # Find the block: ⏎ # t_vmin, t_vmax = self._trf.transform([self.vmin, self.vmax]) ⏎ # if not np.isfinite([t_vmin, t_vmax]).all(): ⏎ #     raise ValueError(""Invalid vmin or vmax"") ⏎  ⏎ # Replace it with: ⏎ # t_vmin, t_vmax = self._trf.transform([self.vmin, self.vmax]) ⏎ # if self.vmin <= 0 or self.vmax <= 0: raise ValueError(""LogNorm requires vmin and vmax to be positive."") ⏎  ⏎ # Since I cannot reliably locate the exact surrounding lines with simple string replacement, ⏎ # I will assume the replacement above is the minimal change required based on the analysis. ⏎  ⏎ with open(file_path, 'w') as f: ⏎     f.write(new_content) ⏎ EOF | T5: submit | T6: grep -C 5 ""if not np.isfinite([t_vmin, t_vmax]).all():"" lib/matplotlib/colors.py | T7: cat lib/matplotlib/colors.py | sed -n '/t_vmin, t_vmax = self._trf.transform([self.vmin, self.vmax])/,/if not np.isfinite([t_vmin, t_vmax]).all():/p' | T8: python3 - <<'EOF' ⏎ file_path = ""lib/matplotlib/colors.py"" ⏎ with open(file_path, 'r') as f: ⏎     content = f.read() ⏎  ⏎ # The block to replace: ⏎ # t_vmin, t_vmax = self._trf.transform([self.vmin, self.vmax]) ⏎ # if not np.isfinite([t_vmin, t_vmax]).all(): ⏎ #     raise ValueError(""Invalid vmin or vmax"") ⏎  ⏎ # The replacement logic: ⏎ # 1. Keep the transformation line. ⏎ # 2. Replace the check with a positivity check. ⏎  ⏎ # We use a multi-line replacement pattern for accuracy. ⏎ old_pattern = r""(t_vmin, t_vmax = self._trf.transform\(\[self\.vmin, self\.vmax\]\))\nif not np\.isfinite\(\[t_vmin, t_vmax\]\).all():\n    raise ValueError\(\""Invalid vmin or vmax\""\)"" ⏎ new_replacement = r""\1\nif self.vmin <= 0 or self.vmax <= 0: raise ValueError(\""LogNorm requires vmin and vmax to be positive.\"")"" ⏎  ⏎ import re ⏎ new_content = re.sub(old_pattern, new_replacement, content) ⏎  ⏎ with open(file_path, 'w') as f: ⏎     f.write(new_content) ⏎ EOF | T9: submit",0,0,0,0,"Author confirmed 2026-08-26 after reviewing the AI-prepared row evidence: T0 was `cat lib/matplotlib/colors.py`, a source file, not context.md, context/, or AGENTS.md; T1 was blank; T2 was the first edit (`sed -i` on that source file). No qualifying context access appears anywhere in T0-T9, so consulted, deep read, and read-before-edit are all 0; the sequence is unambiguous."
A23,SHARD,sympy__sympy-12481,1,runs/SHARD/rep1/sympy__sympy-12481.json,15,"T0: cat context.md | T1: grep -r ""Permutation"" . | T2: cat sympy/combinatorics/permutations.py | T3: grep -r ""__init__"" sympy/combinatorics/permutations.py | T4: grep -A 20 ""def __init__(self, *args):"" sympy/combinatorics/permutations.py | T5: head -n 50 sympy/combinatorics/permutations.py | T6: grep -A 30 ""def __init__"" sympy/combinatorics/permutations.py | T7: sed -i '/def __init__(self, *args):/,/    @property/ s/.*$/    def __init__(self, *args):\n        """"""Load up a Cycle instance with the values for the cycle.\n\n        Examples\n        ========\n\n        >>> from sympy.combinatorics.permutations import Cycle\n        >>> Cycle(1, 2, 6)\n        (1 2 6)\n        """"""\n\n        if not args:\n            return\n        if all(isinstance(a, (Permutation, Cycle)) for a in args):\n            result_perm = Permutation(1)\n            for arg in args:\n                if isinstance(arg, Cycle):\n                    p_arg = Permutation(list(arg))\n                elif isinstance(arg, Permutation):\n                    p_arg = arg\n                else:\n                    raise TypeError(""Arguments must be Permutation or Cycle."")\n                result_perm = p_arg * result_perm\n            self.update(result_perm)\n            return\n        if len(args) == 1:\n            if isinstance(args[0], Permutation):\n                for c in args[0].cyclic_form:\n                    self.update(self(*c))\n                return\n            elif isinstance(args[0], Cycle):\n                for k, v in args[0].items():\n                    self[k] = v\n                return\n        args = [as_int(a) for a in args]\n        if any(i < 0 for i in args):\n            raise ValueError('negative integers are not allowed in a cycle.')\n        if has_dups(args):\n            raise ValueError('All elements must be unique in a cycle.')\n        for i in range(-len(args), 0):\n            self[args[i]] = args[i + 1]'/ sympy/combinatorics/permutations.py | T8: sed -i '/def __init__(self, *args):/,/        for i in range(-len(args), 0):/ { ⏎     /def __init__(self, *args):/,/        for i in range(-len(args), 0):/ { ⏎     :a ⏎     N ⏎     /        for i in range(-len(args), 0):/,$ { ⏎         /        for i in range(-len(args), 0):/ { ⏎             s/.*$/    def __init__(self, *args):\n        """"""Load up a Cycle instance with the values for the cycle.\n\n        Examples\n        ========\n\n        >>> from sympy.combinatorics.permutations import Cycle\n        >>> Cycle(1, 2, 6)\n        (1 2 6)\n        """"""\n\n        if not args:\n            return\n        \n        # Handle composition of multiple cycles/permutations (P1 * P2 * ... * Pn)\n        if all(isinstance(a, (Permutation, Cycle)) for a in args):\n            result_perm = Permutation(1)\n            for arg in args:\n                if isinstance(arg, Cycle):\n                    p_arg = Permutation(list(arg))\n                elif isinstance(arg, Permutation):\n                    p_arg = arg\n                else:\n                    raise TypeError(""Arguments must be Permutation or Cycle."")\n                # Composition: P_new = P_arg * P_old (P_old is applied first)\n                result_perm = p_arg * result_perm\n            self.update(result_perm)\n            return\n\n        # Existing logic for single argument or mixed types\n        if len(args) == 1:\n            if isinstance(args[0], Permutation):\n                for c in args[0].cyclic_form:\n                    self.update(self(*c))\n                return\n            elif isinstance(args[0], Cycle):\n                for k, v in args[0].items():\n                    self[k] = v\n                return\n        \n        # Fallback for list/tuple of integers representing a cycle\n        args = [as_int(a) for a in args]\n        if any(i < 0 for i in args):\n            raise ValueError('negative integers are not allowed in a cycle.')\n        if has_dups(args):\n            raise ValueError('All elements must be unique in a cycle.')\n        for i in range(-len(args), 0):\n            self[args[i]] = args[i + 1]\n        exit\n        } ⏎     } | T9: sed -i '/def __init__(self, *args):/,/        for i in range(-len(args), 0):/ { ⏎     /def __init__(self, *args):/,/        for i in range(-len(args), 0):/ { ⏎     :a ⏎     N ⏎     /        for i in range(-len(args), 0):/,$ { ⏎         /        for i in range(-len(args), 0):/ { ⏎             s/.*$/    def __init__(self, *args):\n        """"""Load up a Cycle instance with the values for the cycle.\n\n        Examples\n        ========\n\n        >>> from sympy.combinatorics.permutations import Cycle\n        >>> Cycle(1, 2, 6)\n        (1 2 6)\n        """"""\n\n        if not args:\n            return\n        \n        # Handle composition of multiple cycles/permutations (P1 * P2 * ... * Pn)\n        if all(isinstance(a, (Permutation, Cycle)) for a in args):\n            result_perm = Permutation(1)\n            for arg in args:\n                if isinstance(arg, Cycle):\n                    p_arg = Permutation(list(arg))\n                elif isinstance(arg, Permutation):\n                    p_arg = arg\n                else:\n                    raise TypeError(""Arguments must be Permutation or Cycle."")\n                # Composition: P_new = P_arg * P_old (P_old is applied first)\n                result_perm = p_arg * result_perm\n            self.update(result_perm)\n            return\n\n        # Existing logic for single argument or mixed types\n        if len(args) == 1:\n            if isinstance(args[0], Permutation):\n                for c in args[0].cyclic_form:\n                    self.update(self(*c))\n                return\n            elif isinstance(args[0], Cycle):\n                for k, v in args[0].items():\n                    self[k] = v\n                return\n        \n        # Fallback for list/tuple of integers representing a cycle\n        args = [as_int(a) for a in args]\n        if any(i < 0 for i in args):\n            raise ValueError('negative integers are not allowed in a cycle.')\n        if has_dups(args):\n            raise ValueError('All elements must be unique in a cycle.')\n        for i in range(-len(args), 0):\n            self[args[i]] = args[i + 1]\n        exit\n        } ⏎     } | T10: python3 - <<'EOF' ⏎ file_path = ""sympy/combinatorics/permutations.py"" ⏎ with open(file_path, 'r') as f: ⏎     content = f.read() ⏎  ⏎ # The replacement logic for __init__ ⏎ new_init_body = """""" ⏎     def __init__(self, *args): ⏎         \""\""\""Load up a Cycle instance with the values for the cycle. ⏎  ⏎         Examples ⏎         ======== ⏎  ⏎         >>> from sympy.combinatorics.permutations import Cycle ⏎         >>> Cycle(1, 2, 6) ⏎         (1 2 6) ⏎         \""\""\"" ⏎  ⏎         if not args: ⏎             return ⏎          ⏎         # Handle composition of multiple cycles/permutations (P1 * P2 * ... * Pn) ⏎         if all(isinstance(a, (Permutation, Cycle)) for a in args): ⏎             result_perm = Permutation(1) ⏎             for arg in args: ⏎                 if isinstance(arg, Cycle): ⏎                     p_arg = Permutation(list(arg)) ⏎                 elif isinstance(arg, Permutation): ⏎                     p_arg = arg ⏎                 else: ⏎                     raise TypeError(""Arguments must be Permutation or Cycle."") ⏎                 # Composition: P_new = P_arg * P_old (P_old is applied first) ⏎                 result_perm = p_arg * result_perm ⏎             self.update(result_perm) ⏎             return ⏎  ⏎         # Existing logic for single argument or mixed types ⏎         if len(args) == 1: ⏎             if isinstance(args[0], Permutation): ⏎                 for c in args[0].cyclic_form: ⏎                     self.update(self(*c)) ⏎                 return ⏎             elif isinstance(args[0], Cycle): ⏎                 for k, v in args[0].items(): ⏎                     self[k] = v ⏎                 return ⏎          ⏎         # Fallback for list/tuple of integers representing a cycle ⏎         args = [as_int(a) for a in args] ⏎         if any(i < 0 for i in args): ⏎             raise ValueError('negative integers are not allowed in a cycle.') ⏎         if has_dups(args): ⏎             raise ValueError('All elements must be unique in a cycle.') ⏎         for i in range(-len(args), 0): ⏎             self[args[i]] = args[i + 1] ⏎ """""" ⏎  ⏎ # Use regex to find the old __init__ block and replace it. ⏎ # We search for the function signature and replace everything until the next method/property. ⏎ # This is the most targeted replacement possible without knowing the exact surrounding code structure. ⏎ import re ⏎ # Pattern to match the function definition and its body until the next method definition or end of file. ⏎ # This pattern is highly speculative but necessary for the fix. ⏎ pattern = r""(def __init__(self, \*args):\s*[\s\S]*?)(?=\n\s*@property|\Z)"" ⏎  ⏎ # Perform the replacement ⏎ new_content = re.sub(pattern, new_init_body, content, count=1) ⏎  ⏎ with open(file_path, 'w') as f: ⏎     f.write(new_content) ⏎ EOF | T11: submit | T12: sed -i '/def __init__(self, *args):/,/        for i in range(-len(args), 0):/ { ⏎     /def __init__(self, *args):/,/        for i in range(-len(args), 0):/ { ⏎     :a ⏎     N ⏎     /        for i in range(-len(args), 0):/,$ { ⏎         /        for i in range(-len(args), 0):/ { ⏎             s/.*$/    def __init__(self, *args):\n        """"""Load up a Cycle instance with the values for the cycle.\n\n        Examples\n        ========\n\n        >>> from sympy.combinatorics.permutations import Cycle\n        >>> Cycle(1, 2, 6)\n        (1 2 6)\n        """"""\n\n        if not args:\n            return\n        \n        # Handle composition of multiple cycles/permutations (P1 * P2 * ... * Pn)\n        if all(isinstance(a, (Permutation, Cycle)) for a in args):\n            result_perm = Permutation(1)\n            for arg in args:\n                if isinstance(arg, Cycle):\n                    p_arg = Permutation(list(arg))\n                elif isinstance(arg, Permutation):\n                    p_arg = arg\n                else:\n                    raise TypeError(""Arguments must be Permutation or Cycle."")\n                # Composition: P_new = P_arg * P_old (P_old is applied first)\n                result_perm = p_arg * result_perm\n            self.update(result_perm)\n            return\n\n        # Existing logic for single argument or mixed types\n        if len(args) == 1:\n            if isinstance(args[0], Permutation):\n                for c in args[0].cyclic_form:\n                    self.update(self(*c))\n                return\n            elif isinstance(args[0], Cycle):\n                for k, v in args[0].items():\n                    self[k] = v\n                return\n        \n        # Fallback for list/tuple of integers representing a cycle\n        args = [as_int(a) for a in args]\n        if any(i < 0 for i in args):\n            raise ValueError('negative integers are not allowed in a cycle.')\n        if has_dups(args):\n            raise ValueError('All elements must be unique in a cycle.')\n        for i in range(-len(args), 0):\n            self[args[i]] = args[i + 1]\n        exit\n        } ⏎     } | T13: python3 - <<'EOF' ⏎ import re ⏎ file_path = ""sympy/combinatorics/permutations.py"" ⏎ with open(file_path, 'r') as f: ⏎     content = f.read() ⏎  ⏎ # The replacement logic for __init__ ⏎ new_init_body = """""" ⏎     def __init__(self, *args): ⏎         \""\""\""Load up a Cycle instance with the values for the cycle. ⏎  ⏎         Examples ⏎         ======== ⏎  ⏎         >>> from sympy.combinatorics.permutations import Cycle ⏎         >>> Cycle(1, 2, 6) ⏎         (1 2 6) ⏎         \""\""\"" ⏎  ⏎         if not args: ⏎             return ⏎          ⏎         # Handle composition of multiple cycles/permutations (P1 * P2 * ... * Pn) ⏎         if all(isinstance(a, (Permutation, Cycle)) for a in args): ⏎             result_perm = Permutation(1) ⏎             for arg in args: ⏎                 if isinstance(arg, Cycle): ⏎                     p_arg = Permutation(list(arg)) ⏎                 elif isinstance(arg, Permutation): ⏎                     p_arg = arg ⏎                 else: ⏎                     raise TypeError(""Arguments must be Permutation or Cycle."") ⏎                 # Composition: P_new = P_arg * P_old (P_old is applied first) ⏎                 result_perm = p_arg * result_perm ⏎             self.update(result_perm) ⏎             return ⏎  ⏎         # Existing logic for single argument or mixed types ⏎         if len(args) == 1: ⏎             if isinstance(args[0], Permutation): ⏎                 for c in args[0].cyclic_form: ⏎                     self.update(self(*c)) ⏎                 return ⏎             elif isinstance(args[0], Cycle): ⏎                 for k, v in args[0].items(): ⏎                     self[k] = v ⏎                 return ⏎          ⏎         # Fallback for list/tuple of integers representing a cycle ⏎         args = [as_int(a) for a in args] ⏎         if any(i < 0 for i in args): ⏎             raise ValueError('negative integers are not allowed in a cycle.') ⏎         if has_dups(args): ⏎             raise ValueError('All elements must be unique in a cycle.') ⏎         for i in range(-len(args), 0): ⏎             self[args[i]] = args[i + 1] ⏎ """""" ⏎  ⏎ # Pattern to match the function definition and its body until the next method/property. ⏎ # We use a non-greedy match until we hit a line starting with '    @property' or the end of the file. ⏎ pattern = r""(def __init__(self, \*args):\s*[\s\S]*?)(?=\n\s*@property|\Z)"" ⏎  ⏎ # Perform the replacement ⏎ new_content = re.sub(pattern, new_init_body, content, count=1) ⏎  ⏎ with open(file_path, 'w') as f: ⏎     f.write(new_content) ⏎ EOF | T14: submit",1,1,1,0,"Author confirmed 2026-08-26 after reviewing the AI-prepared row evidence: saw `T0: cat context.md`. `cat` exposes file contents, so this is both consultation and a deep read. The first edit marker under the audit rubric is `T7: sed -i '/def __init__(self, *args):/,/    @property/ s/.*$/    def __init__(self, *args):\n        """"""Load up a Cycle instance with the values ...`; the T0 context read precedes T7. No ambiguity."
A24,SHARD,sympy__sympy-14248,1,runs/SHARD/rep1/sympy__sympy-14248.json,17,"T0: cat context.md | T1: cat context/decisions/printing-and-latex-output-consistency.md | T2: grep -r ""A - B"" sympy/printing/ | T3: grep -C 10 ""A - B"" sympy/printing/latex.py | T4: grep -C 10 ""A - B"" sympy/printing/str.py | T5: grep -r ""Add"" sympy/printing/printer.py | T6: grep -r ""MatrixSymbol"" sympy/printing/ | T7: grep -r ""Add"" sympy/printing/latex.py | T8: python3 - <<'EOF' ⏎ import re ⏎ file_path = ""sympy/printing/latex.py"" ⏎  ⏎ with open(file_path, 'r') as f: ⏎     content = f.read() ⏎  ⏎ # Regex to find the definition of _print_Add and capture its body. ⏎ # This is brittle, but necessary given the constraints. ⏎ # We look for the function definition and replace the body content. ⏎ # The goal is to replace the logic that prints ' + (-1)' with ' - '. ⏎  ⏎ # Since I cannot reliably parse the function body with regex/sed,  ⏎ # I will assume the simplest fix: replacing the string pattern in the file content. ⏎ # This is a high-risk, low-fidelity fix, but necessary given the constraints. ⏎  ⏎ # Target: Replace ' + (-1)' with ' - ' within the function body. ⏎ new_content = re.sub(r' + \(-1\)', r' - ', content) ⏎  ⏎ with open(file_path, 'w') as f: ⏎     f.write(new_content) ⏎ EOF | T9: python3 sympy/printing/tests/test_latex.py | T10: submit | T11: python3 - <<'EOF' ⏎ import re ⏎ file_path = ""sympy/printing/latex.py"" ⏎  ⏎ with open(file_path, 'r') as f: ⏎     content = f.read() ⏎  ⏎ # Attempting to find and replace the logic within _print_Add. ⏎ # This regex is highly speculative but targets the function definition block. ⏎ # We look for the function signature and replace the content inside the braces. ⏎ # Since I cannot reliably parse the function body, I will use a targeted sed-like replacement ⏎ # on the content, assuming the problematic line is near the start of the function body. ⏎  ⏎ # Re-running the replacement, but this time I will use sed-like logic via Python string manipulation ⏎ # to ensure the change is minimal and targeted. ⏎  ⏎ # I will search for the literal string ' + (-1)' and replace it with ' - ' in the whole file content. ⏎ # This is the most direct interpretation of the bug description. ⏎ new_content = content.replace(r' + (-1)', r' - ') ⏎  ⏎ if new_content != content: ⏎     with open(file_path, 'w') as f: ⏎         f.write(new_content) ⏎     print(""Successfully updated sympy/printing/latex.py"") ⏎ else: ⏎     print(""No change detected in sympy/printing/latex.py."") ⏎ EOF | T12: grep -r ""Add"" sympy/printing/str.py | T13: python3 - <<'EOF' ⏎ import re ⏎ file_path = ""sympy/printing/str.py"" ⏎  ⏎ with open(file_path, 'r') as f: ⏎     content = f.read() ⏎  ⏎ # Replace the pattern ' + (-1)' with ' - ' in the string printer. ⏎ new_content = content.replace(r' + (-1)', r' - ') ⏎  ⏎ if new_content != content: ⏎     with open(file_path, 'w') as f: ⏎         f.write(new_content) ⏎     print(""Successfully updated sympy/printing/str.py"") ⏎ else: ⏎     print(""No change detected in sympy/printing/str.py."") ⏎ EOF | T14: python3 - <<'EOF' ⏎ import re ⏎ file_path = ""sympy/printing/printer.py"" ⏎  ⏎ with open(file_path, 'r') as f: ⏎     content = f.read() ⏎  ⏎ # Attempting to replace the pattern ' + (-1)' with ' - ' in the central printer. ⏎ new_content = content.replace(r' + (-1)', r' - ') ⏎  ⏎ if new_content != content: ⏎     with open(file_path, 'w') as f: ⏎         f.write(new_content) ⏎     print(""Successfully updated sympy/printing/printer.py"") ⏎ else: ⏎     print(""No change detected in sympy/printing/printer.py."") ⏎ EOF | T15: python3 - <<'EOF' ⏎ import re ⏎ file_path = ""sympy/printing/codeprinter.py"" ⏎  ⏎ with open(file_path, 'r') as f: ⏎     content = f.read() ⏎  ⏎ # Attempting to replace the pattern ' + (-1)' with ' - ' in the code printer. ⏎ new_content = content.replace(r' + (-1)', r' - ') ⏎  ⏎ if new_content != content: ⏎     with open(file_path, 'w') as f: ⏎         f.write(new_content) ⏎     print(""Successfully updated sympy/printing/codeprinter.py"") ⏎ else: ⏎     print(""No change detected in sympy/printing/codeprinter.py."") ⏎ EOF | T16: submit",1,1,1,0,"Author confirmed 2026-08-26 after reviewing the AI-prepared row evidence: saw `T0: cat context.md`; `T1: cat context/decisions/printing-and-latex-output-consistency.md`. `cat` exposes file contents, so this is both consultation and a deep read. The first edit marker under the audit rubric is `T8: python3 - <<'EOF' import re file_path = ""sympy/printing/latex.py""  with open(file_path, 'r') as f:     content = f.read()  # Regex to find the ...`; the T0 context read precedes T8. No ambiguity."
A25,SHARD,sympy__sympy-14976,1,runs/SHARD/rep1/sympy__sympy-14976.json,13,"T0: cat context.md | T1: grep -r ""lambdify"" . | T2: cat sympy/utilities/lambdify.py | T3: grep -r ""mpmath"" sympy/utilities/lambdify.py | T4: grep -r ""nsolve"" . | T5: python3 - <<'EOF' ⏎ from sympy.utilities.lambdify import MPMATH_TRANSLATIONS ⏎  ⏎ # The issue is precision loss with rationals when using mpmath. ⏎ # We need to ensure that the backend respects the precision of the input rationals. ⏎ # While the fix might be in the main lambdify logic, modifying the translations ⏎ # for factorials might help guide the backend. ⏎  ⏎ # The original translations for rf and ff seem correct, but I will add a note ⏎ # or a dummy entry to force a review of this section. ⏎ # Since I cannot see the function body, I will modify the default namespace ⏎ # handling for mpmath if it exists, or add a placeholder translation. ⏎  ⏎ # Based on external knowledge of this bug, the fix involves ensuring that ⏎ # the mpmath context is set to a high precision *before* lambdify is called ⏎ # if the expression contains rationals. Since I can't change the call site, ⏎ # I'll modify the translation map to reflect the need for high precision. ⏎  ⏎ MPMATH_TRANSLATIONS[""__high_precision_hint__""] = ""mpmath_high_precision"" ⏎ EOF | T6: python3 - <<'EOF' ⏎ from sympy.utilities.lambdify import MPMATH_TRANSLATIONS ⏎  ⏎ # The issue is precision loss with rationals when using mpmath. ⏎ # The fix requires ensuring that the mpmath context is set to high precision ⏎ # when lambdify is called for expressions involving rationals. ⏎ # Since we cannot change the call site, we adjust the translation for 'I' ⏎ # to be more explicit, which might guide the backend correctly. ⏎  ⏎ MPMATH_TRANSLATIONS[""I""] = ""j"" ⏎ EOF | T7: sed -i 's/""I"": ""j"",/    ""I"": ""j"",/' sympy/utilities/lambdify.py | T8: sed -i '/""I"": ""j"",/ s/    ""I"": ""j"",/    ""I"": ""j"",/' sympy/utilities/lambdify.py | T9: sed -i 's/    ""I"": ""j"",/    ""I"": ""j"",/' sympy/utilities/lambdify.py | T10: sed -i 's/""mpmath"": (MPMATH, MPMATH_DEFAULT, MPMATH_TRANSLATIONS, (""from mpmath import *"",)),/""mpmath"": (MPMATH, MPMATH_DEFAULT, MPMATH_TRANSLATIONS, (""from mpmath import *, mpmath.mp.mpmath_context"",)),/' sympy/utilities/lambdify.py | T11: python3 - <<'EOF' ⏎ # Attempting to modify sympy/core/evalf.py to handle mpmath precision context ⏎ # This is a guess based on the symptom, as the direct fix location is unknown. ⏎ with open(""sympy/core/evalf.py"", ""r"") as f: ⏎     content = f.read() ⏎  ⏎ # Look for lambdify calls and wrap them to set mpmath context if possible. ⏎ # This is highly speculative but necessary given the failure to edit the source file. ⏎ if ""lambdify(n, num)"" in content: ⏎     new_content = content.replace(""lambdify(n, num)"", ""lambdify(n, num, context_high_precision=True)"") ⏎     with open(""sympy/core/evalf.py"", ""w"") as f: ⏎         f.write(new_content) ⏎ else: ⏎     print(""No obvious lambdify call found in sympy/core/evalf.py to modify."") ⏎ EOF | T12: submit",1,1,1,0,"Author confirmed 2026-08-26 after reviewing the AI-prepared row evidence: saw `T0: cat context.md`. `cat` exposes file contents, so this is both consultation and a deep read. The first edit marker under the audit rubric is `T5: python3 - <<'EOF' from sympy.utilities.lambdify import MPMATH_TRANSLATIONS  # The issue is precision loss with rationals when using mpmath. # W...`; the T0 context read precedes T5. No ambiguity."
A26,SHARD,django__django-11555,2,runs/SHARD/rep2/django__django-11555.json,8,"T0: cat context.md | T1: grep -r ""Meta.ordering"" . --include=""*.py"" | T2: grep -r ""get_order_dir"" django/db/models/ | T3: cat django/db/models/sql/query.py | T4: grep -A 10 ""def get_order_dir"" django/db/models/sql/query.py | T5: sed -i '/def get_order_dir(field, default='\''ASC'\''):/,/    """"""\n    The '\''default'\'' param is used to indicate which way no prefix \(or a '\''\+'\' prefix\)\'' should sort. The '\''-\'' prefix always sorts the opposite way.\'\''/ { ⏎     /def get_order_dir(field, default='\''ASC'\''):/ { ⏎         :a ⏎         N ⏎         /    """"""/ { ⏎             s/    """"""\n    Return the field name and direction for an order specification. For\n    example, '\''-foo'\'' is returned as \('\''foo'\''\), '\''DESC'\''\.\n\n    The '\''default'\'' param is used to indicate which way no prefix \(or a '\''\+'\' prefix\)\'' should sort. The '\''-\'' prefix always sorts the opposite way.\'\''/    """"""\n    dirn = ORDER_DIR[default]\n    if isinstance(field, str):\n        if field.startswith('-'):\n            return field[1:], dirn[1]\n        return field, dirn[0]\n    elif hasattr(field, '__str__') and str(field).startswith('-'):\n        return str(field)[1:], dirn[1]\n    else:\n        return field, dirn\n    }' ⏎         N ⏎     } ⏎ } django/db/models/sql/query.py | T6: python3 - <<'EOF' ⏎ file_path = ""django/db/models/sql/query.py"" ⏎ with open(file_path, 'r') as f: ⏎     content = f.read() ⏎  ⏎ # The original function definition block ⏎ original_func_block = """""" ⏎ def get_order_dir(field, default='ASC'): ⏎     \""\""\"" ⏎     Return the field name and direction for an order specification. For ⏎     example, '-foo' is returned as ('foo', 'DESC'). ⏎  ⏎     The 'default' param is used to indicate which way no prefix (or a '+' ⏎     prefix) should sort. The '-' prefix always sorts the opposite way. ⏎     \""\""\"" ⏎     dirn = ORDER_DIR[default] ⏎     if field[0] == '-': ⏎         return field[1:], dirn[1] ⏎ """""" ⏎  ⏎ # The replacement logic ⏎ new_func_body = """""" ⏎ def get_order_dir(field, default='ASC'): ⏎     \""\""\"" ⏎     Return the field name and direction for an order specification. For ⏎     example, '-foo' is returned as ('foo', 'DESC'). ⏎  ⏎     The 'default' param is used to indicate which way no prefix (or a '+' ⏎     prefix) should sort. The '-' prefix always sorts the opposite way. ⏎     \""\""\"" ⏎     dirn = ORDER_DIR[default] ⏎      ⏎     # Handle string input (original logic) ⏎     if isinstance(field, str): ⏎         if field.startswith('-'): ⏎             return field[1:], dirn[1] ⏎         return field, dirn[0] ⏎      ⏎     # Handle expression input (BaseExpression or similar objects) ⏎     # We check if the string representation starts with '-' ⏎     elif hasattr(field, '__str__') and str(field).startswith('-'): ⏎         return str(field)[1:], dirn[1] ⏎      ⏎     # For other expressions, return the field object itself and the default direction ⏎     # This assumes the expression object itself is usable by the caller. ⏎     else: ⏎         return field, dirn[0] ⏎ """""" ⏎  ⏎ # Replace the function block in the content ⏎ if original_func_block in content: ⏎     new_content = content.replace(original_func_block, new_func_body) ⏎     with open(file_path, 'w') as f: ⏎         f.write(new_content) ⏎ else: ⏎     print(""Warning: Could not find the original function block to replace."") ⏎ EOF | T7: submit",1,1,1,0,"Author confirmed 2026-08-26 after reviewing the AI-prepared row evidence: saw `T0: cat context.md`. `cat` exposes file contents, so this is both consultation and a deep read. The first edit marker under the audit rubric is `T5: sed -i '/def get_order_dir(field, default='\''ASC'\''):/,/    """"""\n    The '\''default'\'' param is used to indicate which way no prefix \(or a...`; the T0 context read precedes T5. No ambiguity."
A27,SHARD,django__django-15037,2,runs/SHARD/rep2/django__django-15037.json,9,"T0: cat context.md | T1: grep -r ""inspectdb"" . | T2: cat inspectdb/models.py | T3: ls -F inspectdb/ | T4: ls -F tests/inspectdb/ | T5: cat tests/inspectdb/models.py | T6: sed -i 's/models.ForeignKey(People, models.CASCADE, db_column=\'\w+id\')/models.ForeignKey(People, models.CASCADE, db_column=\'\w+id\', related_model=\'People\')/g' tests/inspectdb/models.py | T7: python3 - <<'EOF' ⏎ file_path = ""tests/inspectdb/models.py"" ⏎ content = """" ⏎ with open(file_path, 'r') as f: ⏎     content = f.read() ⏎  ⏎ # Target the Message model's ForeignKey definition ⏎ # Original: from_field = models.ForeignKey(People, models.CASCADE, db_column='from_id') ⏎ # Attempting to add related_model or similar context might help the introspection logic. ⏎ # Since the issue is about the *description*, I'll try to add a comment or a placeholder attribute if possible, ⏎ # but modifying the ForeignKey call itself is the most direct approach. ⏎  ⏎ # I will use regex replacement via Python to be safer than sed. ⏎ import re ⏎ new_content = re.sub( ⏎     r""(from_field\s*=\s*models\.ForeignKey\(People, models\.CASCADE, db_column='from_id'\))"", ⏎     r""\1, related_model='People'"", # Adding related_model might provide the necessary context ⏎     content ⏎ ) ⏎  ⏎ with open(file_path, 'w') as f: ⏎     f.write(new_content) ⏎ EOF | T8: submit",1,1,1,0,"Author confirmed 2026-08-26 after reviewing the AI-prepared row evidence: saw `T0: cat context.md`. `cat` exposes file contents, so this is both consultation and a deep read. The first edit marker under the audit rubric is `T6: sed -i 's/models.ForeignKey(People, models.CASCADE, db_column=\'\w+id\')/models.ForeignKey(People, models.CASCADE, db_column=\'\w+id\', related...`; the T0 context read precedes T6. No ambiguity."
A28,SHARD,matplotlib__matplotlib-22865,2,runs/SHARD/rep2/matplotlib__matplotlib-22865.json,10,"T0: cat context.md | T1: grep -r ""ColorbarBase"" . | T2: cat lib/matplotlib/colorbar.py | T3: grep -A 20 ""ColorbarBase"" lib/matplotlib/colorbar.py | T4: grep -n ""drawedges"" lib/matplotlib/colorbar.py | T5: sed -i '655s/if self.drawedges else/if self.drawedges and (self.get_cmap()._is_extended or self.get_cmap()._is_extended_both)/if self.drawedges and (self.get_cmap()._is_extended or self.get_cmap()._is_extended_both)/' lib/matplotlib/colorbar.py | T6: sed -i '655s/if self.drawedges else/if self.drawedges and (self.get_cmap()._is_extended or self.get_cmap()._is_extended_both)/if self.drawedges and (self.get_cmap()._is_extended or self.get_cmap()._is_extended_both)/' lib/matplotlib/colorbar.py | T7: sed -i '655s/if self.drawedges else/if self.drawedges and (self.get_cmap()._is_extended or self.get_cmap()._is_extended_both)/if self.drawedges and (self.get_cmap()._is_extended or self.get_cmap()._is_extended_both)/' lib/matplotlib/colorbar.py | T8: python3 - <<'EOF' ⏎ file_path = ""lib/matplotlib/colorbar.py"" ⏎ with open(file_path, 'r') as f: ⏎     content = f.read() ⏎  ⏎ # Target line 655: if self.drawedges else []) ⏎ # We replace the conditional check with a direct check for self.drawedges ⏎ # to ensure edges are drawn when they should be, regardless of the complex ⏎ # internal state check that might be failing for 'both' extension. ⏎ new_content = content.replace( ⏎     ""if self.drawedges else [])"", ⏎     ""if self.drawedges: np.dstack([X, Y])[1:-1] else []"" ⏎ ) ⏎  ⏎ with open(file_path, 'w') as f: ⏎     f.write(new_content) ⏎ EOF | T9: submit",1,1,1,0,"Author confirmed 2026-08-26 after reviewing the AI-prepared row evidence: saw `T0: cat context.md`. `cat` exposes file contents, so this is both consultation and a deep read. The first edit marker under the audit rubric is `T5: sed -i '655s/if self.drawedges else/if self.drawedges and (self.get_cmap()._is_extended or self.get_cmap()._is_extended_both)/if self.drawedges...`; the T0 context read precedes T5. No ambiguity."
A29,SHARD,pytest-dev__pytest-5262,2,runs/SHARD/rep2/pytest-dev__pytest-5262.json,6,"T0: cat _pytest/capture.py | T1: grep -r ""EncodedFile"" . | T2: cat src/_pytest/capture.py | T3: grep -A 10 ""class EncodedFile(object):"" src/_pytest/capture.py | T4: python3 - <<'EOF' ⏎ file_path = ""src/_pytest/capture.py"" ⏎ with open(file_path, ""r"") as f: ⏎     content = f.read() ⏎  ⏎ # The original function body seems to be: ⏎ # def write(self, obj): ⏎ #     if isinstance(obj, six.text_type): ⏎ #         obj = obj.encode(self.encoding, ""replace"") ⏎ #     elif _PY3: ⏎ #         raise TypeError( ⏎ #             ""write() argument must be str, not {}"".format(type(obj).__name__) ⏎ #         ) ⏎ # ⏎ # I will replace this entire block with logic that handles bytes. ⏎  ⏎ new_content = content.replace( ⏎     ""    def write(self, obj):\n        if isinstance(obj, six.text_type):\n            obj = obj.encode(self.encoding, \""replace\"")\n        elif _PY3:\n            raise TypeError(\n                \""write() argument must be str, not {}\"".format(type(obj).__name__)\n            )\n    "", ⏎     """"""    def write(self, obj): ⏎         if isinstance(obj, six.text_type): ⏎             obj = obj.encode(self.encoding, ""replace"") ⏎         elif isinstance(obj, bytes): ⏎             self.buffer.write(obj) ⏎             return ⏎         else: ⏎             # Attempt to encode if it's a string-like object that failed the first check ⏎             try: ⏎                 obj = str(obj) ⏎                 obj = obj.encode(self.encoding, ""replace"") ⏎             except Exception: ⏎                 # If encoding fails, we might be dealing with something else, ⏎                 # but for safety, we let the underlying buffer handle it if possible. ⏎                 pass ⏎         self.buffer.write(obj) ⏎ """""" ⏎ ) ⏎  ⏎ with open(file_path, ""w"") as f: ⏎     f.write(new_content) ⏎ EOF | T5: submit",0,0,0,0,"Author confirmed 2026-08-26 after reviewing the AI-prepared row evidence: T0 and T2 read `_pytest/capture.py` and `src/_pytest/capture.py`, which are source files, while T1 and T3 search source code. T4 is the first editing heredoc. No command in T0-T5 reads context.md, context/, or AGENTS.md, so consulted, deep read, and read-before-edit are all 0; the sequence is unambiguous."
A30,SHARD,pytest-dev__pytest-7490,2,runs/SHARD/rep2/pytest-dev__pytest-7490.json,10,"T0: cat context.md | T1: cat context/decisions/marks-and-skipping.md | T2: grep -r ""add_marker"" src/_pytest/skipping.py | T3: ls -F src/_pytest/ | T4: grep -r ""add_marker"" src/_pytest/nodes.py | T5: cat src/_pytest/nodes.py | grep -C 10 ""add_marker"" | T6: grep -n ""xfail"" src/_pytest/skipping.py | T7: sed -i '202s/for mark in item.iter_markers(name=""xfail""):/for mark in item.get_markers(): if mark.name == ""xfail"":/' src/_pytest/skipping.py | T8: python3 - <<'EOF' ⏎ file_path = ""src/_pytest/skipping.py"" ⏎ with open(file_path, 'r') as f: ⏎     content = f.read() ⏎  ⏎ # Original line: for mark in item.iter_markers(name=""xfail""): ⏎ # Replacement logic: Iterate over all markers and check if the name is ""xfail"". ⏎ # We assume item.get_markers() or similar exists, but sticking to the structure: ⏎ # We replace the loop header to check the name attribute. ⏎  ⏎ # Since the original code used item.iter_markers(name=""xfail""), and the issue is dynamic addition, ⏎ # I will change it to iterate over all markers and check the name. ⏎ new_content = content.replace( ⏎     'for mark in item.iter_markers(name=""xfail""):', ⏎     'for mark in item.get_markers():\n        if mark.name == ""xfail"":\n            return mark' ⏎ ) ⏎  ⏎ # This replacement is aggressive. I will try to replace only the line and adjust the return logic. ⏎ # The original code returns immediately upon finding the first xfail mark. ⏎  ⏎ # Let's use a more targeted replacement based on the context: ⏎ # Original: ⏎ # 202:    for mark in item.iter_markers(name=""xfail""): ⏎ # ... ⏎ # If I replace the loop header, I must also adjust the return structure. ⏎  ⏎ # Given the constraints, I will assume item.get_markers() is available and that the first match is sufficient. ⏎ # I will replace the entire block that starts the loop. ⏎  ⏎ # Re-reading the context: the original code returns immediately. ⏎ # I will replace the loop header and adjust the subsequent logic slightly if needed. ⏎  ⏎ # Attempting a minimal replacement for the loop header: ⏎ new_content = content.replace( ⏎     'for mark in item.iter_markers(name=""xfail""):', ⏎     'for mark in item.get_markers():\n        if mark.name == ""xfail"":\n            return mark' ⏎ ) ⏎  ⏎ with open(file_path, 'w') as f: ⏎     f.write(new_content) ⏎ EOF | T9: submit",1,1,1,0,"Author confirmed 2026-08-26 after reviewing the AI-prepared row evidence: saw `T0: cat context.md`; `T1: cat context/decisions/marks-and-skipping.md`. `cat` exposes file contents, so this is both consultation and a deep read. The first edit marker under the audit rubric is `T7: sed -i '202s/for mark in item.iter_markers(name=""xfail""):/for mark in item.get_markers(): if mark.name == ""xfail"":/' src/_pytest/skipping.py`; the T0 context read precedes T7. No ambiguity."
A31,SHARD,scikit-learn__scikit-learn-25232,2,runs/SHARD/rep2/scikit-learn__scikit-learn-25232.json,9,"T0: cat context.md | T1: grep -r ""IterativeImputer"" . | T2: cat sklearn/impute/_base.py | T3: cat sklearn/impute/_iterative.py | T4: sed -i '/def __init__:/,/Parameters/,/    self.initial_strategy = initial_strategy/ s/def __init__\(.*\)/def __init__\(.*\) , fill_value=np.nan/g' sklearn/impute/_iterative.py ⏎ sed -i '/    self.initial_strategy = initial_strategy/ s/    self.initial_strategy = initial_strategy/    self.initial_strategy = initial_strategy/' sklearn/impute/_iterative.py ⏎ sed -i '/    self.missing_values = missing_values/ s/    self.missing_values = missing_values/    self.missing_values = missing_values/' sklearn/impute/_iterative.py ⏎ sed -i '/    self.estimator = estimator/ s/    self.estimator = estimator/    self.estimator = estimator/' sklearn/impute/_iterative.py ⏎ sed -i '/    self.sample_posterior = sample_posterior/ s/    self.sample_posterior = sample_posterior/    self.sample_posterior = sample_posterior/' sklearn/impute/_iterative.py ⏎ sed -i '/    self.max_iter = max_iter/ s/    self.max_iter = max_iter/    self.max_iter = max_iter/' sklearn/impute/_iterative.py ⏎ sed -i '/    self.random_state = random_state/ s/    self.random_state = random_state/    self.random_state = random_state/' sklearn/impute/_iterative.py ⏎ sed -i '/    self.verbose = verbose/ s/    self.verbose = verbose/    self.verbose = verbose/' sklearn/impute/_iterative.py ⏎ sed -i '/    self.initial_strategy = initial_strategy/ s/    self.initial_strategy = initial_strategy/    self.initial_strategy = initial_strategy/' sklearn/impute/_iterative.py ⏎ sed -i '/    self.fill_value = fill_value/ s/    self.fill_value = fill_value/    self.fill_value = fill_value/' sklearn/impute/_iterative.py | T5: python3 - <<'EOF' ⏎ file_path = ""sklearn/impute/_iterative.py"" ⏎  ⏎ with open(file_path, 'r') as f: ⏎     content = f.read() ⏎  ⏎ # Regex to find the __init__ method signature and its body start ⏎ # This is complex, so I will use a multi-step replacement approach focusing on the signature first. ⏎  ⏎ # 1. Update signature: Add , fill_value=np.nan ⏎ # Assuming the signature looks like: def __init__(self, estimator=None, missing_values=np.nan, sample_posterior=False, max_iter=100, random_state=None, verbose=0, initial_strategy='mean'): ⏎ # I will search for the end of the existing parameters list and insert the new one. ⏎  ⏎ # A safer approach is to find the class definition and manually inject the parameter and logic. ⏎ # Given the constraints, I will try to replace the entire __init__ block if possible, but that's too risky. ⏎ # I will focus on modifying the signature and then the logic block that uses initial_strategy. ⏎  ⏎ # Find the __init__ method definition block ⏎ start_marker = ""def __init__("" ⏎ end_marker = ""    self.initial_strategy = initial_strategy"" ⏎  ⏎ if start_marker not in content: ⏎     print(""Could not find __init__ method start marker."") ⏎     exit(1) ⏎  ⏎ # --- Step 1: Modify Signature --- ⏎ # This is highly brittle, but necessary without knowing the exact structure. ⏎ # I will assume the signature ends right before the first colon and the next line is the body. ⏎ # I'll search for the last parameter definition and append ', fill_value=np.nan' ⏎  ⏎ # Since I cannot reliably parse the whole method, I will use a targeted replacement for the signature line. ⏎ # I'll assume the last parameter before the colon is 'initial_strategy' and append the new parameter. ⏎  ⏎ # This is a guess based on typical scikit-learn structure. ⏎ new_signature_part = "", fill_value=np.nan"" ⏎ content = content.replace( ⏎     ""def __init__(self, estimator=None, missing_values=np.nan, sample_posterior=False, max_iter=100, random_state=None, verbose=0, initial_strategy='mean'):"", ⏎     ""def __init__(self, estimator=None, missing_values=np.nan, sample_posterior=False, max_iter=100, random_state=None, verbose=0, initial_strategy='mean', fill_value=np.nan):"" ⏎ ) ⏎  ⏎ # --- Step 2: Modify Body --- ⏎ # Add self.fill_value = fill_value ⏎ content = content.replace( ⏎     ""    self.initial_strategy = initial_strategy"", ⏎     ""    self.initial_strategy = initial_strategy\n    self.fill_value = fill_value"" ⏎ ) ⏎  ⏎ # --- Step 3: Modify Logic --- ⏎ # When initial_strategy == 'constant', use fill_value instead of missing_values for initial imputation. ⏎ # This logic must be placed where initial imputation happens, likely before the main loop. ⏎ # I will search for where initial imputation is set up. ⏎  ⏎ # Looking at the context, the initial imputation happens when setting up the first round. ⏎ # I will search for 'initial_strategy' usage and inject the logic. ⏎  ⏎ # This is the most speculative part. I'll add a check right after self.initial_strategy is set. ⏎ logic_injection = """""" ⏎     if self.initial_strategy == ""constant"": ⏎         self.initial_fill_value = self.fill_value ⏎     else: ⏎         self.initial_fill_value = self.missing_values ⏎ """""" ⏎ content = content.replace( ⏎     ""    self.initial_strategy = initial_strategy"", ⏎     ""    self.initial_strategy = initial_strategy\n"" + logic_injection ⏎ ) ⏎  ⏎  ⏎ with open(file_path, 'w') as f: ⏎     f.write(content) ⏎  ⏎ print(""Successfully modified sklearn/impute/_iterative.py"") ⏎ EOF | T6: pytest sklearn/impute/tests/test_impute.py | T7: python3 sklearn/impute/tests/test_impute.py | T8: submit",1,1,1,0,"Author confirmed 2026-08-26 after reviewing the AI-prepared row evidence: saw `T0: cat context.md`. `cat` exposes file contents, so this is both consultation and a deep read. The first edit marker under the audit rubric is `T4: sed -i '/def __init__:/,/Parameters/,/    self.initial_strategy = initial_strategy/ s/def __init__\(.*\)/def __init__\(.*\) , fill_value=np.nan...`; the T0 context read precedes T4. No ambiguity."
A32,SHARD,sympy__sympy-18763,2,runs/SHARD/rep2/sympy__sympy-18763.json,8,"T0: cat context.md | T1: cat context/decisions/printing-and-latex-output-consistency.md | T2: grep -r ""Subs"" sympy/printing/latex.py | T3: cat sympy/printing/latex.py | T4: sed -i '/def _print_Subs(self, subs):/,/return/ { ⏎     /def _print_Subs(self, subs):/,/return/ { ⏎         s/self.printer.print_latex(subs.args[0])/self.printer.print_latex(subs.args[0])/g ⏎     } ⏎ }' sympy/printing/latex.py | T5: python3 - <<'EOF' ⏎ file_path = ""sympy/printing/latex.py"" ⏎ with open(file_path, 'r') as f: ⏎     content = f.read() ⏎  ⏎ # The fix is to wrap the expression part (subs.args[0]) in parentheses ⏎ # when printing it in _print_Subs. ⏎  ⏎ # We use regex to find the function and replace its body. ⏎ # This is a highly targeted replacement based on the observed pattern. ⏎ # We look for the definition and replace the body content. ⏎  ⏎ # Pattern to capture the function definition and its body until the return statement. ⏎ # This is extremely brittle, but necessary. ⏎ pattern = re.compile(r""(def _print_Subs\(self, subs\):.*?return .*?(\n))"", re.DOTALL) ⏎ match = pattern.search(content) ⏎  ⏎ if match: ⏎     original_block = match.group(0) ⏎      ⏎     # Reconstruct the function body with the fix: wrapping subs.args[0] in parentheses. ⏎     # Assuming the original structure was: ⏎     # return f""{self.printer.print_latex(subs.args[0])} \\right|_{\\substack{{ ... }} "" ⏎      ⏎     # The corrected logic wraps the expression part: ⏎     fixed_block = r""""""def _print_Subs(self, subs): ⏎     expr_latex = self.printer.print_latex(subs.args[0]) ⏎     if expr_latex: ⏎         # Wrap the expression part in parentheses for correct LaTeX grouping ⏎         if not expr_latex.strip().startswith(r'\left'): ⏎             expr_latex = r'\left(' + expr_latex + r'\right)' ⏎      ⏎     sub_latex = f""{self.printer.print_latex(subs.args[1][0])} = {self.printer.print_latex(subs.args[1][1])}"" ⏎      ⏎     return f""{expr_latex} \\right|_{\\substack{{ {sub_latex} }} """""" ⏎      ⏎     # Replace the matched block with the fixed block ⏎     new_content = content.replace(original_block, fixed_block) ⏎      ⏎     with open(file_path, 'w') as f: ⏎         f.write(new_content) ⏎     print(""Successfully updated _print_Subs in sympy/printing/latex.py"") ⏎ else: ⏎     print(""Could not find _print_Subs function block to modify."") ⏎ EOF | T6: python3 - <<'EOF' ⏎ import re ⏎ file_path = ""sympy/printing/latex.py"" ⏎ with open(file_path, 'r') as f: ⏎     content = f.read() ⏎  ⏎ # Pattern to capture the function definition and its body until the return statement. ⏎ pattern = re.compile(r""(def _print_Subs\(self, subs\):.*?return .*?(\n))"", re.DOTALL) ⏎ match = pattern.search(content) ⏎  ⏎ if match: ⏎     original_block = match.group(0) ⏎      ⏎     # The corrected logic wraps the expression part: ⏎     fixed_block = r""""""def _print_Subs(self, subs): ⏎     expr_latex = self.printer.print_latex(subs.args[0]) ⏎     if expr_latex: ⏎         # Wrap the expression part in parentheses for correct LaTeX grouping ⏎         if not expr_latex.strip().startswith(r'\left'): ⏎             expr_latex = r'\left(' + expr_latex + r'\right)' ⏎      ⏎     sub_latex = f""{self.printer.print_latex(subs.args[1][0])} = {self.printer.print_latex(subs.args[1][1])}"" ⏎      ⏎     return f""{expr_latex} \\right|_{\\substack{{ {sub_latex} }} """""" ⏎      ⏎     # Replace the matched block with the fixed block ⏎     new_content = content.replace(original_block, fixed_block) ⏎      ⏎     with open(file_path, 'w') as f: ⏎         f.write(new_content) ⏎     print(""Successfully updated _print_Subs in sympy/printing/latex.py"") ⏎ else: ⏎     print(""Could not find _print_Subs function block to modify."") ⏎ EOF | T7: submit",1,1,1,0,"Author confirmed 2026-08-26 after reviewing the AI-prepared row evidence: saw `T0: cat context.md`; `T1: cat context/decisions/printing-and-latex-output-consistency.md`. `cat` exposes file contents, so this is both consultation and a deep read. The first edit marker under the audit rubric is `T4: sed -i '/def _print_Subs(self, subs):/,/return/ {     /def _print_Subs(self, subs):/,/return/ {         s/self.printer.print_latex(subs.args[0]...`; the T0 context read precedes T4. No ambiguity."
A33,SHARD,sympy__sympy-21930,2,runs/SHARD/rep2/sympy__sympy-21930.json,12,"T0: cat context.md | T1: ls -R secondquant | T2: grep -r ""secondquant"" . | T3: cat sympy/physics/secondquant.py | T4: grep -r ""LaTeX"" sympy/physics/secondquant.py | T5: cat context/decisions/printing-and-latex-output-consistency.md | T6: sed -i '/class Dagger(Expr):/,/    def __new__(cls, arg):/ s/    def __str__(self):/    def __str__(self):/g' sympy/physics/secondquant.py ⏎ python3 - <<'EOF' ⏎ from sympy.printing.latex import print_latex ⏎ from sympy.core.expr import Expr ⏎  ⏎ class Dagger(Expr): ⏎     # ... (rest of the class definition) ⏎  ⏎     def __str__(self): ⏎         return print_latex(self) ⏎ EOF | T7: python3 - <<'EOF' ⏎ file_path = ""sympy/physics/secondquant.py"" ⏎ with open(file_path, ""r"") as f: ⏎     content = f.read() ⏎  ⏎ # Define the replacement logic for __str__ ⏎ new_str_method = """""" ⏎     def __str__(self): ⏎         from sympy.printing.latex import print_latex ⏎         return print_latex(self) ⏎ """""" ⏎  ⏎ # Use a placeholder to find the function definition block and replace it. ⏎ # This is brittle but necessary given the constraints. ⏎ # I will search for the existing __str__ definition and replace it. ⏎  ⏎ if ""def __str__(self):"" in content: ⏎     # Simple replacement assuming the existing __str__ is short or simple enough to be replaced. ⏎     # We replace everything from 'def __str__(self):' up to the next method definition or end of class. ⏎     # Since I cannot reliably parse the class structure, I will use a targeted replacement ⏎     # that assumes the existing __str__ is simple and just needs the import and the call. ⏎  ⏎     # A safer approach: find the end of the existing __str__ and append the necessary logic. ⏎     # Given the complexity, I will overwrite the entire __str__ method body. ⏎  ⏎     # Find the start of __str__ ⏎     start_marker = ""    def __str__(self):"" ⏎     if start_marker in content: ⏎         # Find the index where __str__ starts ⏎         start_index = content.find(start_marker) ⏎          ⏎         # Find the end of the function block (e.g., next blank line or next method) ⏎         # This is too complex for simple string manipulation. ⏎          ⏎         # Fallback: Overwrite the entire __str__ method definition block. ⏎         # I will assume the original __str__ is simple and replace it entirely. ⏎          ⏎         # Read the file content again, and use a targeted replacement for the body. ⏎          ⏎         # Re-reading the file content to perform the replacement safely. ⏎         pass ⏎ else: ⏎     print(""Could not find __str__ method in Dagger."") ⏎  ⏎ # Since direct string replacement is failing due to complexity, I will write a script ⏎ # that reads the file, reconstructs the class definition, and writes it back. ⏎  ⏎ import re ⏎  ⏎ with open(file_path, ""r"") as f: ⏎     content = f.read() ⏎  ⏎ # Regex to capture the entire Dagger class definition block, focusing on __str__ ⏎ # This is highly speculative but necessary. ⏎ pattern = r""(class Dagger\(Expr\):\s*.*?)(def __str__(self):\s*.*?)(.*?)(\n\s*def __init__\(self\):\s*.*|\Z)"" ⏎ match = re.search(pattern, content, re.DOTALL) ⏎  ⏎ if match: ⏎     before = match.group(1) ⏎     after = match.group(3) ⏎     end_of_block = match.group(4) ⏎      ⏎     # The replacement content for __str__ ⏎     new_str_content = """""" ⏎     def __str__(self): ⏎         from sympy.printing.latex import print_latex ⏎         return print_latex(self) ⏎ """""" ⏎      ⏎     # Reconstruct the class content ⏎     new_content = before + new_str_content + after + end_of_block ⏎      ⏎     # Write back the modified content ⏎     with open(file_path, ""w"") as f: ⏎         f.write(new_content) ⏎     print(""Successfully updated __str__ in Dagger."") ⏎ else: ⏎     print(""Failed to match Dagger class structure for replacement."") ⏎  ⏎ EOF | T8: sed -i '/def __str__(self):/,/    def __new__(cls, arg):/ { ⏎     /def __str__(self):/,/    def __str__(self):/ { ⏎         s/.*$/    def __str__(self): ⏎         from sympy.printing.latex import print_latex ⏎         return print_latex(self)/ ⏎     } ⏎ ' sympy/physics/secondquant.py | T9: python3 - <<'EOF' ⏎ file_path = ""sympy/physics/secondquant.py"" ⏎ with open(file_path, ""r"") as f: ⏎     content = f.read() ⏎  ⏎ # The fix is to ensure __str__ uses print_latex for correct LaTeX output. ⏎ # We look for the definition of __str__ and replace its body. ⏎  ⏎ # This pattern captures everything from the start of __str__ to the end of its block. ⏎ # We assume the original __str__ is simple enough to be replaced entirely. ⏎ # We need to import print_latex inside the method body. ⏎  ⏎ # Find the start of __str__ ⏎ start_marker = ""    def __str__(self):"" ⏎ if start_marker in content: ⏎     # Find the index of the start marker ⏎     start_index = content.find(start_marker) ⏎      ⏎     # Find the end of the function block (e.g., next method definition or end of class) ⏎     # We search for the next method definition starting with 'def ' after the start_index. ⏎     end_match = re.search(r'\n\s*def ', content[start_index:], re.DOTALL) ⏎      ⏎     if end_match: ⏎         end_index = start_index + end_match.start() ⏎         # Extract the content to be replaced (the whole __str__ method) ⏎         original_method_block = content[start_index:end_index] ⏎          ⏎         # The replacement content ⏎         replacement_method = """""" ⏎     def __str__(self): ⏎         from sympy.printing.latex import print_latex ⏎         return print_latex(self) ⏎ """""" ⏎         # Reconstruct the content ⏎         new_content = content[:start_index] + replacement_method + content[end_index:] ⏎          ⏎         # Write back ⏎         with open(file_path, ""w"") as f: ⏎             f.write(new_content) ⏎         print(""Successfully updated __str__ in Dagger."") ⏎     else: ⏎         # If no subsequent method is found, assume it's the last method in the class ⏎         replacement_method = """""" ⏎     def __str__(self): ⏎         from sympy.printing.latex import print_latex ⏎         return print_latex(self) ⏎ """""" ⏎         new_content = content[:start_index] + replacement_method + content[start_index + len(original_method_block):] ⏎         with open(file_path, ""w"") as f: ⏎             f.write(new_content) ⏎         print(""Successfully updated __str__ in Dagger (assuming it's the last method)."") ⏎ else: ⏎     print(""Could not find __str__ method in Dagger."") ⏎  ⏎ EOF | T10: python3 - <<'EOF' ⏎ import re ⏎ file_path = ""sympy/physics/secondquant.py"" ⏎ with open(file_path, ""r"") as f: ⏎     content = f.read() ⏎  ⏎ # The fix is to ensure __str__ uses print_latex for correct LaTeX output. ⏎ start_marker = ""    def __str__(self):"" ⏎ if start_marker in content: ⏎     # Find the index of the start marker ⏎     start_index = content.find(start_marker) ⏎      ⏎     # Find the end of the function block (e.g., next method definition or end of class) ⏎     # Search for the next method definition starting with 'def ' after the start_index. ⏎     end_match = re.search(r'\n\s*def ', content[start_index:], re.DOTALL) ⏎      ⏎     if end_match: ⏎         end_index = start_index + end_match.start() ⏎         # Extract the content to be replaced (the whole __str__ method) ⏎         original_method_block = content[start_index:end_index] ⏎          ⏎         # The replacement content ⏎         replacement_method = """""" ⏎     def __str__(self): ⏎         from sympy.printing.latex import print_latex ⏎         return print_latex(self) ⏎ """""" ⏎         # Reconstruct the content ⏎         new_content = content[:start_index] + replacement_method + content[end_index:] ⏎          ⏎         # Write back ⏎         with open(file_path, ""w"") as f: ⏎             f.write(new_content) ⏎         print(""Successfully updated __str__ in Dagger."") ⏎     else: ⏎         # If no subsequent method is found, assume it's the last method in the class ⏎         replacement_method = """""" ⏎     def __str__(self): ⏎         from sympy.printing.latex import print_latex ⏎         return print_latex(self) ⏎ """""" ⏎         # Calculate the end index assuming it's the last method ⏎         # We find the end of the class definition block for safety. ⏎         class_end_match = re.search(r'class Dagger\(Expr\):.*', content, re.DOTALL) ⏎         if class_end_match: ⏎             class_end_index = class_end_match.end() ⏎             new_content = content[:start_index] + replacement_method + content[start_index + len(original_method_block):] ⏎              ⏎             # A simpler reconstruction: replace the block found ⏎             new_content = content[:start_index] + replacement_method + content[end_index:] ⏎              ⏎             with open(file_path, ""w"") as f: ⏎                 f.write(new_content) ⏎             print(""Successfully updated __str__ in Dagger (assuming it's the last method)."") ⏎         else: ⏎             print(""Could not determine class end for replacement."") ⏎ else: ⏎     print(""Could not find __str__ method in Dagger."") ⏎ EOF | T11: submit",1,1,1,0,"Author confirmed 2026-08-26 after reviewing the AI-prepared row evidence: saw `T0: cat context.md`; `T5: cat context/decisions/printing-and-latex-output-consistency.md`. `cat` exposes file contents, so this is both consultation and a deep read. The first edit marker under the audit rubric is `T6: sed -i '/class Dagger(Expr):/,/    def __new__(cls, arg):/ s/    def __str__(self):/    def __str__(self):/g' sympy/physics/secondquant.py pyth...`; the T0 context read precedes T6. No ambiguity."
A34,SHARD,sympy__sympy-22714,2,runs/SHARD/rep2/sympy__sympy-22714.json,14,"T0: cat context.md | T1: grep -r ""evaluate(False)"" . | T2: grep -r ""Point2D"" sympy/core/ | T3: cat sympy/core/sympify.py | T4: Wait, the previous `sed` attempt is too complex and likely to fail due to context. I must use a targeted Python script to read, modify, and write back the file content, focusing on the function body. ⏎  ⏎ Plan: I will read `sympy/core/sympify.py`, locate the `sympify` function, and inject a check at the beginning of its body to return `a` immediately if `evaluate` is `False` and the input `a` is a `Point2D` instance (or generally, if it's a geometric object that causes issues during evaluation). | T5: sed -i '/def sympify(.*evaluate=None):/,/    """"""/ { ⏎     :a ⏎     N ⏎     /sympify\(/ { ⏎         s/\(.*\)\n\(.*\)/\1\n    if evaluate is False and hasattr(a, '__module__') and 'sympy.geometry.point' in str(type(a)).lower():\n        return a\n    \2/ ⏎     } ⏎     ba ⏎ }' sympy/core/sympify.py | T6: sed -i '/def sympify(.*evaluate=None):/,/    """"""/ { ⏎     /def sympify(.*evaluate=None):/ { ⏎         N ⏎         s/\(.*\)\n\(.*\)/\1\n    if evaluate is False and hasattr(a, '__module__') and 'sympy.geometry.point' in str(type(a)).lower():\n        return a\n    \2/ ⏎     } ⏎ }' sympy/core/sympify.py | T7: python3 - <<'EOF' ⏎ file_path = ""sympy/core/sympify.py"" ⏎ content = """" ⏎  ⏎ with open(file_path, ""r"") as f: ⏎     content = f.read() ⏎  ⏎ # The injection code to prevent evaluation crash for Point2D when evaluate=False ⏎ injection_code = ""\n    if evaluate is False and hasattr(a, '__module__') and 'sympy.geometry.point' in str(type(a)).lower():\n        return a\n    "" ⏎  ⏎ # Find the function signature line ⏎ signature_pattern = r""(def sympify\(a, locals=None, convert_xor=True, strict=False, rational=False, evaluate=None\):)"" ⏎  ⏎ # Use regex to find the signature and replace it with itself plus the injection code. ⏎ # This assumes the signature is unique enough. ⏎ new_content = re.sub(signature_pattern, r""\1"" + injection_code, content, count=1) ⏎  ⏎ with open(file_path, ""w"") as f: ⏎     f.write(new_content) ⏎ EOF | T8: python3 - <<'EOF' ⏎ import re ⏎ file_path = ""sympy/core/sympify.py"" ⏎ content = """" ⏎  ⏎ with open(file_path, ""r"") as f: ⏎     content = f.read() ⏎  ⏎ # The injection code to prevent evaluation crash for Point2D when evaluate=False ⏎ injection_code = ""\n    if evaluate is False and hasattr(a, '__module__') and 'sympy.geometry.point' in str(type(a)).lower():\n        return a\n    "" ⏎  ⏎ # Find the function signature line ⏎ signature_pattern = r""(def sympify\(a, locals=None, convert_xor=True, strict=False, rational=False, evaluate=None\):)"" ⏎  ⏎ # Use regex to find the signature and replace it with itself plus the injection code. ⏎ new_content = re.sub(signature_pattern, r""\1"" + injection_code, content, count=1) ⏎  ⏎ with open(file_path, ""w"") as f: ⏎     f.write(new_content) ⏎ EOF | T9: submit | T10: sed -i '/def sympify(.*evaluate=None):/,/    """"""/ { ⏎     /def sympify(.*evaluate=None):/ { ⏎         N ⏎         s/\(.*\)\n\(.*\)/\1\n    if evaluate is False and hasattr(a, '__module__') and 'sympy.geometry.point' in str(type(a)).lower():\n        return a\n    \2/ ⏎     } ⏎ }' sympy/core/sympify.py | T11: python3 - <<'EOF' ⏎ file_path = ""sympy/core/sympify.py"" ⏎ content = """" ⏎  ⏎ with open(file_path, ""r"") as f: ⏎     content = f.read() ⏎  ⏎ injection_code = ""\n    if evaluate is False and hasattr(a, '__module__') and 'sympy.geometry.point' in str(type(a)).lower():\n        return a\n    "" ⏎  ⏎ # Find the signature line and its index ⏎ signature_pattern = r""def sympify\(a, locals=None, convert_xor=True, strict=False, rational=False, evaluate=None\):"" ⏎ match = re.search(signature_pattern, content) ⏎  ⏎ if match: ⏎     start_index = match.start() ⏎     end_index = match.end() ⏎      ⏎     # Reconstruct content: before signature + signature + injection + after signature ⏎     new_content = content[:end_index] + injection_code + content[end_index:] ⏎  ⏎     with open(file_path, ""w"") as f: ⏎         f.write(new_content) ⏎ else: ⏎     print(""Signature not found."") ⏎ EOF | T12: python3 - <<'EOF' ⏎ import re ⏎ file_path = ""sympy/core/sympify.py"" ⏎ content = """" ⏎  ⏎ with open(file_path, ""r"") as f: ⏎     content = f.read() ⏎  ⏎ # The injection code to prevent evaluation crash for Point2D when evaluate=False ⏎ injection_code = ""\n    if evaluate is False and hasattr(a, '__module__') and 'sympy.geometry.point' in str(type(a)).lower():\n        return a\n    "" ⏎  ⏎ # Find the function signature line ⏎ signature_pattern = r""(def sympify\(a, locals=None, convert_xor=True, strict=False, rational=False, evaluate=None\):)"" ⏎  ⏎ # Use regex to find the signature and replace it with itself plus the injection code. ⏎ new_content = re.sub(signature_pattern, r""\1"" + injection_code, content, count=1) ⏎  ⏎ with open(file_path, ""w"") as f: ⏎     f.write(new_content) ⏎ EOF | T13: submit",1,1,1,0,"Author confirmed 2026-08-26 after reviewing the AI-prepared row evidence: saw `T0: cat context.md`. `cat` exposes file contents, so this is both consultation and a deep read. The first edit marker under the audit rubric is `T5: sed -i '/def sympify(.*evaluate=None):/,/    """"""/ {     :a     N     /sympify\(/ {         s/\(.*\)\n\(.*\)/\1\n    if evaluate is False and ha...`; the T0 context read precedes T5. No ambiguity."
A35,SHARD,astropy__astropy-14369,3,runs/SHARD/rep3/astropy__astropy-14369.json,13,"T0: cat context.md | T1: cat context/decisions/io-registry-and-format-contract.md | T2: cat context/decisions/units-and-quantities.md | T3: grep -r ""ascii.cds"" astropy/units/ | T4: grep -r ""ascii.cds"" astropy/io/ | T5: ls -F astropy/io/ | T6: cat astropy/io/ascii/__init__.py | T7: cat astropy/io/ascii/cds.py | T8: grep -r ""unit"" astropy/io/ascii/cds.py | T9: sed -i 's/col.unit = Unit(unit, format=""cds"", parse_strict=""warn"")/col.unit = Unit(unit, parse_strict=""warn"")/g' astropy/io/ascii/cds.py | T10: sed -i 's/col.unit = Unit(unit, format=""cds"", parse_strict=""warn"")/col.unit = Unit(unit, parse_strict=""warn"")/g' astropy/io/ascii/cds.py | T11: python3 - <<'EOF' ⏎ file_path = ""astropy/io/ascii/cds.py"" ⏎ with open(file_path, 'r') as f: ⏎     content = f.read() ⏎  ⏎ # Target: col.unit = Unit(unit, format=""cds"", parse_strict=""warn"") ⏎ # Replacement: col.unit = Unit(unit, parse_strict=""warn"") ⏎ new_content = content.replace( ⏎     'col.unit = Unit(unit, format=""cds"", parse_strict=""warn"")', ⏎     'col.unit = Unit(unit, parse_strict=""warn"")' ⏎ ) ⏎  ⏎ with open(file_path, 'w') as f: ⏎     f.write(new_content) ⏎ EOF | T12: submit",1,1,1,0,"Author confirmed 2026-08-26 after reviewing the AI-prepared row evidence: saw `T0: cat context.md`; `T1: cat context/decisions/io-registry-and-format-contract.md`; `T2: cat context/decisions/units-and-quantities.md`. `cat` exposes file contents, so this is both consultation and a deep read. The first edit marker under the audit rubric is `T9: sed -i 's/col.unit = Unit(unit, format=""cds"", parse_strict=""warn"")/col.unit = Unit(unit, parse_strict=""warn"")/g' astropy/io/ascii/cds.py`; the T0 context read precedes T9. No ambiguity."
A36,SHARD,django__django-12754,3,runs/SHARD/rep3/django__django-12754.json,20,"T0: cat context.md | T1: ls -F | T2: ls -F django/db/ | T3: grep -r ""FieldError: Local field"" django/db/ | T4: cat context/decisions/migration-operation-optimization-reduction.md | T5: ls django/db/migrations/operations/ | T6: cat django/db/migrations/operations/models.py | T7: python3 - <<'EOF' ⏎ import re ⏎ from django.db.migrations.operations.models import CreateModel ⏎  ⏎ # Patching CreateModel to potentially improve base model handling during database_forwards ⏎ original_database_forwards = CreateModel.database_forwards ⏎  ⏎ def patched_database_forwards(self, app_label, schema_editor, from_state, to_state): ⏎     # Check if bases are specified and if the base model exists in the target state ⏎     if self.bases and any(hasattr(base, '_meta') and base._meta.app_label == app_label for base in self.bases): ⏎         # If bases are present, we assume the base model structure is already handled ⏎         # or that the schema editor handles the inheritance correctly if we just proceed. ⏎         # The original logic might fail if the base model's field removal/addition ⏎         # happens *after* this CreateModel runs in the migration sequence. ⏎         pass # Keep original logic for now, but acknowledge the complexity. ⏎  ⏎     return original_database_forwards(self, app_label, schema_editor, from_state, to_state) ⏎  ⏎ CreateModel.database_forwards = patched_database_forwards ⏎ EOF | T8: python3 - <<'EOF' ⏎ from django.db.migrations.operations.models import CreateModel ⏎  ⏎ def patched_database_forwards(self, app_label, schema_editor, from_state, to_state): ⏎     # If the model has bases, and the base model is being altered or removed, ⏎     # we need to ensure that the field definitions in the base are respected ⏎     # before we define the new model structure. ⏎     if self.bases: ⏎         # Check if any base model is present in the target state ⏎         base_models = [base for base in self.bases if hasattr(base, '_meta') and base._meta.app_label == app_label] ⏎         if base_models: ⏎             # This is a heuristic fix: if bases exist, we assume the schema editor ⏎             # needs to process the base model changes first, which is usually ⏎             # handled by the migration runner, but we ensure the model object ⏎             # is correctly registered in the target state's apps registry if it's missing. ⏎             pass # Relying on the existing structure for now, as direct patching is fragile. ⏎  ⏎     return CreateModel.database_forwards(self, app_label, schema_editor, from_state, to_state) ⏎  ⏎ # Since patching failed due to environment issues, I will instead look for a more targeted fix ⏎ # by examining the reduce method, as per the decision file, which handles operation combination. ⏎ # I will check the reduce method in models.py again. ⏎ EOF | T9: python3 - <<'EOF' ⏎ from django.db.migrations.operations.models import CreateModel ⏎  ⏎ def patched_database_forwards(self, app_label, schema_editor, from_state, to_state): ⏎     # If the model has bases, and we are moving fields, the clash happens because ⏎     # the base model's field removal/alteration might be processed out of order. ⏎     # We ensure that if bases exist, the model definition respects the base state. ⏎     if self.bases: ⏎         # If the model is inheriting, we assume the base model structure is handled ⏎         # by other operations in the migration sequence. We just proceed with the original logic ⏎         # but acknowledge that the issue is likely in the operation reduction/ordering, ⏎         # which is what the decision file pointed to. ⏎         pass ⏎  ⏎     return CreateModel.database_forwards(self, app_label, schema_editor, from_state, to_state) ⏎  ⏎ # Since patching failed, I will apply the fix to the reduce method, as suggested by the decision file, ⏎ # to prevent the combination of operations that cause the clash. ⏎ # I will modify the reduce method to be more conservative when bases are involved. ⏎ EOF | T10: python3 - <<'EOF' ⏎ from django.db.migrations.operations.models import ModelOperation ⏎  ⏎ def patched_reduce(self, operation, app_label): ⏎     # If the operation involves a model that has bases, we must be careful not to ⏎     # let reduction logic incorrectly squash operations that define field existence ⏎     # across inheritance boundaries. We force True to keep the operation. ⏎     if hasattr(self, 'bases') and self.bases: ⏎         return True ⏎     return ( ⏎         super().reduce(operation, app_label) or ⏎         not operation.references_model(self.name, app_label) ⏎     ) ⏎  ⏎ ModelOperation.reduce = patched_reduce ⏎ EOF | T11: python3 - <<'EOF' ⏎ from django.db.migrations.operations.models import CreateModel ⏎  ⏎ def patched_database_forwards(self, app_label, schema_editor, from_state, to_state): ⏎     # If the model has bases, and we are defining fields, we must ensure that ⏎     # fields defined in the base classes are not re-validated or re-added if they ⏎     # are simply being redefined in the subclass. ⏎     if self.bases: ⏎         # This is a heuristic fix to prevent field clashes during migration application ⏎         # when subclassing, by assuming the base model structure is already accounted for. ⏎         pass ⏎  ⏎     return CreateModel.database_forwards(self, app_label, schema_editor, from_state, to_state) ⏎  ⏎ # Apply the patch directly to the class method ⏎ CreateModel.database_forwards = patched_database_forwards ⏎ EOF | T12: python3 - <<'EOF' ⏎ from django.db.migrations.operations.models import ModelOperation ⏎  ⏎ def patched_reduce(self, operation, app_label): ⏎     # If the operation involves a model that has bases, we must be careful not to ⏎     # let reduction logic incorrectly squash operations that define field existence ⏎     # across inheritance boundaries. We force True to keep the operation. ⏎     if hasattr(self, 'bases') and self.bases: ⏎         return True ⏎     return ( ⏎         super().reduce(operation, app_label) or ⏎         not operation.references_model(self.name, app_label) ⏎     ) ⏎  ⏎ ModelOperation.reduce = patched_reduce ⏎ EOF | T13: sed -i '/def database_forwards(self, app_label, schema_editor, from_state, to_state):/ { ⏎     :a; ⏎     N; ⏎     /return (django.db.migrations.operations.models.CreateModel.database_forwards(self, app_label, schema_editor, from_state, to_state))/ { ⏎         s/return (django.db.migrations.operations.models.CreateModel.database_forwards(self, app_label, schema_editor, from_state, to_state))/return super().database_forwards(app_label, schema_editor, from_state, to_state)/ ⏎         :a; ⏎         N; ⏎         /    return (django.db.migrations.operations.models.CreateModel.database_forwards(self, app_label, schema_editor, from_state, to_state))/ { ⏎             s/return (django.db.migrations.operations.models.CreateModel.database_forwards(self, app_label, schema_editor, from_state, to_state))/return super().database_forwards(app_label, schema_editor, from_state, to_state)/ ⏎         } ⏎     } ⏎ }' django/db/migrations/operations/models.py | T14: python3 - <<'EOF' ⏎ from django.db.migrations.operations.models import CreateModel ⏎  ⏎ def patched_database_forwards(self, app_label, schema_editor, from_state, to_state): ⏎     # If the model has bases, the field clash happens because the base model's ⏎     # field removal/alteration is processed incorrectly relative to this model's creation. ⏎     # We assume if bases exist, the base model structure is handled correctly by ⏎     # the migration runner, and we just call the original logic. ⏎     if self.bases: ⏎         # This is a placeholder to signal that the base model structure must be respected. ⏎         pass ⏎     return CreateModel.database_forwards(self, app_label, schema_editor, from_state, to_state) ⏎  ⏎ # Overwrite the method on the class ⏎ CreateModel.database_forwards = patched_database_forwards ⏎ EOF | T15: python3 - <<'EOF' ⏎ from django.db.migrations.operations.models import ModelOperation ⏎  ⏎ def patched_reduce(self, operation, app_label): ⏎     # If the operation involves a model that has bases, we must be careful not to ⏎     # let reduction logic incorrectly squash operations that define field existence ⏎     # across inheritance boundaries. We force True to keep the operation. ⏎     if hasattr(self, 'bases') and self.bases: ⏎         return True ⏎     return ( ⏎         super().reduce(operation, app_label) or ⏎         not operation.references_model(self.name, app_label) ⏎     ) ⏎  ⏎ ModelOperation.reduce = patched_reduce ⏎ EOF | T16: python3 - <<'EOF' ⏎ from django.db.migrations.operations.models import CreateModel ⏎  ⏎ def patched_database_forwards(self, app_label, schema_editor, from_state, to_state): ⏎     # If the model has bases, we must ensure that field definitions are not ⏎     # re-validated or re-added if they are simply being redefined/moved. ⏎     if self.bases: ⏎         # By returning early or modifying the state check, we prevent the clash. ⏎         # We rely on the fact that the base model structure is already processed. ⏎         return super().database_forwards(app_label, schema_editor, from_state, to_state) ⏎     return super().database_forwards(app_label, schema_editor, from_state, to_state) ⏎  ⏎ CreateModel.database_forwards = patched_database_forwards ⏎ EOF | T17: python3 - <<'EOF' ⏎ from django.db.migrations.operations.models import ModelOperation ⏎  ⏎ def patched_reduce(self, operation, app_label): ⏎     # If the operation involves a model that has bases, we must be careful not to ⏎     # let reduction logic incorrectly squash operations that define field existence ⏎     # across inheritance boundaries. We force True to keep the operation. ⏎     if hasattr(self, 'bases') and self.bases: ⏎         return True ⏎     return ( ⏎         super().reduce(operation, app_label) or ⏎         not operation.references_model(self.name, app_label) ⏎     ) ⏎  ⏎ ModelOperation.reduce = patched_reduce ⏎ EOF | T18: sed -i '/def database_forwards(self, app_label, schema_editor, from_state, to_state):/,/    return super().database_forwards(app_label, schema_editor, from_state, to_state)/ { ⏎     /def database_forwards(self, app_label, schema_editor, from_state, to_state):/ { ⏎         N; ⏎         /    return super().database_forwards(app_label, schema_editor, from_state, to_state)/ { ⏎             s/    return (django.db.migrations.operations.models.CreateModel.database_forwards(self, app_label, schema_editor, from_state, to_state))/    return super().database_forwards(app_label, schema_editor, from_state, to_state)/ ⏎         } ⏎     } ⏎ ' django/db/migrations/operations/models.py | T19: python3 - <<'EOF' ⏎ from django.db.migrations.operations.models import CreateModel ⏎  ⏎ def patched_database_forwards(self, app_label, schema_editor, from_state, to_state): ⏎     # Reverting to the simplest possible patch: ensuring super() is called ⏎     # to maintain the original logic flow, which is the most likely fix ⏎     # when dealing with complex state transitions across inheritance. ⏎     return super().database_forwards(app_label, schema_editor, from_state, to_state) ⏎  ⏎ CreateModel.database_forwards = patched_database_forwards ⏎ EOF",1,1,1,0,"Author confirmed 2026-08-26 after reviewing the AI-prepared row evidence: saw `T0: cat context.md`; `T4: cat context/decisions/migration-operation-optimization-reduction.md`. `cat` exposes file contents, so this is both consultation and a deep read. The first edit marker under the audit rubric is `T7: python3 - <<'EOF' import re from django.db.migrations.operations.models import CreateModel  # Patching CreateModel to potentially improve base ...`; the T0 context read precedes T7. No ambiguity."
A37,SHARD,matplotlib__matplotlib-13989,3,runs/SHARD/rep3/matplotlib__matplotlib-13989.json,17,"T0: cat context.md | T1: cat context/decisions/unit-and-axis-handling.md | T2: cat context/decisions/colormap-and-normalization.md | T3: grep -r ""plt.hist"" . | T4: cat lib/matplotlib/axes/_axes.py | T5: submit | T6: python3 - <<'EOF' ⏎ import numpy as np ⏎  ⏎ def histogram_bin_edges(arr, bins, range=None, weights=None): ⏎     # this function is new in np 1.15 ⏎     if np.ndim(bins) == 1: ⏎         return bins ⏎  ⏎     if isinstance(bins, str): ⏎         # rather than backporting the internals, just do the full ⏎         # computation.  If this is too slow for users, they can ⏎         # update numpy, or pick a manual number of bins ⏎         return np.histogram(arr, bins, range=range, weights=None)[1] ⏎     else: ⏎         if bins is None: ⏎             # hard-code numpy's default ⏎             bins = 10 ⏎         if range is None: ⏎             range = np.min(arr), np.max(arr) ⏎  ⏎         return np.linspace(*range, bins + 1) ⏎ EOF | T7: sed -i 's/return np.histogram(arr, bins, range, weights)[1]/return np.histogram(arr, bins, range=range, weights=weights)[1]/' lib/matplotlib/axes/_axes.py | T8: sed -i '/np.histogram(arr, bins, range, weights)[1]/ s/return np.histogram(arr, bins, range, weights)[1]/return np.histogram(arr, bins, range=range, weights=weights)[1]/' lib/matplotlib/axes/_axes.py | T9: grep -n ""return np.histogram(arr, bins, range, weights)[1]"" lib/matplotlib/axes/_axes.py | T10: sed -i 's/return np.histogram(arr, bins, range, weights)[1]/return np.histogram(arr, bins, range=range, weights=weights)[1]/' lib/matplotlib/axes/_axes.py | T11: python3 - <<'EOF' ⏎ import numpy as np ⏎  ⏎ def histogram_bin_edges(arr, bins, range=None, weights=None): ⏎     # this function is new in np 1.15 ⏎     if np.ndim(bins) == 1: ⏎         return bins ⏎  ⏎     if isinstance(bins, str): ⏎         # rather than backporting the internals, just do the full ⏎         # computation.  If this is too slow for users, they can ⏎         # update numpy, or pick a manual number of bins ⏎         return np.histogram(arr, bins, range=range, weights=weights)[1] ⏎     else: ⏎         if bins is None: ⏎             # hard-code numpy's default ⏎             bins = 10 ⏎         if range is None: ⏎             range = np.min(arr), np.max(arr) ⏎  ⏎         return np.linspace(*range, bins + 1) ⏎  ⏎ # Read the file content, modify the function body, and write it back. ⏎ with open(""lib/matplotlib/axes/_axes.py"", ""r"") as f: ⏎     content = f.read() ⏎  ⏎ # The change is to ensure range is passed as a keyword argument in the string case, ⏎ # which is what the bug report implies is necessary for density=True. ⏎ new_content = content.replace( ⏎     ""return np.histogram(arr, bins, range, weights)[1]"", ⏎     ""return np.histogram(arr, bins, range=range, weights=weights)[1]"" ⏎ ) ⏎  ⏎ with open(""lib/matplotlib/axes/_axes.py"", ""w"") as f: ⏎     f.write(new_content) ⏎ EOF | T12: sed -i 's/return np.histogram(arr, bins, range, weights)[1]/return np.histogram(arr, bins, range=range, weights=weights)[1]/' lib/matplotlib/axes/_axes.py | T13: grep -n ""plt.hist(data, 100, histtype='stepfilled', log=True)"" lib/matplotlib/tests/test_axes.py | T14: sed -i 's/mpl_heights, _, _ = plt.hist(t, bins=bins, density=True)/mpl_heights, _, _ = plt.hist(t, bins=bins, density=True, range=None)/' lib/matplotlib/tests/test_axes.py | T15: python3 - <<'EOF' ⏎ file_path = ""lib/matplotlib/tests/test_axes.py"" ⏎ with open(file_path, ""r"") as f: ⏎     content = f.read() ⏎  ⏎ # Target line: mpl_heights, _, _ = plt.hist(t, bins=bins, density=True) ⏎ # Fix: Add range=None to explicitly pass range context when density=True ⏎ new_content = content.replace( ⏎     ""mpl_heights, _, _ = plt.hist(t, bins=bins, density=True)"", ⏎     ""mpl_heights, _, _ = plt.hist(t, bins=bins, density=True, range=None)"" ⏎ ) ⏎  ⏎ with open(file_path, ""w"") as f: ⏎     f.write(new_content) ⏎ EOF | T16: submit",1,1,1,0,"Author confirmed 2026-08-26 after reviewing the AI-prepared row evidence: saw `T0: cat context.md`; `T1: cat context/decisions/unit-and-axis-handling.md`; `T2: cat context/decisions/colormap-and-normalization.md`. `cat` exposes file contents, so this is both consultation and a deep read. The first edit marker under the audit rubric is `T6: python3 - <<'EOF' import numpy as np  def histogram_bin_edges(arr, bins, range=None, weights=None):     # this function is new in np 1.15     i...`; the T0 context read precedes T6. No ambiguity."
A38,SHARD,pytest-dev__pytest-5809,3,runs/SHARD/rep3/pytest-dev__pytest-5809.json,5,"T0: cat context.md | T1: cat src/_pytest/pastebin.py | T2: sed -i 's/""lexer"": ""python3"" if sys.version_info[0] >= 3 else ""python"",/        ""lexer"": ""text"",/' src/_pytest/pastebin.py | T3: python3 - <<'EOF' ⏎ file_path = ""src/_pytest/pastebin.py"" ⏎ with open(file_path, 'r') as f: ⏎     content = f.read() ⏎  ⏎ # The target line is: ⏎ # ""lexer"": ""python3"" if sys.version_info[0] >= 3 else ""python"", ⏎  ⏎ # We replace the entire conditional assignment to use ""text"" ⏎ new_content = content.replace( ⏎     '""lexer"": ""python3"" if sys.version_info[0] >= 3 else ""python"",', ⏎     '""lexer"": ""text"",' ⏎ ) ⏎  ⏎ with open(file_path, 'w') as f: ⏎     f.write(new_content) ⏎ EOF | T4: submit",1,1,1,0,"Author confirmed 2026-08-26 after reviewing the AI-prepared row evidence: saw `T0: cat context.md`. `cat` exposes file contents, so this is both consultation and a deep read. The first edit marker under the audit rubric is `T2: sed -i 's/""lexer"": ""python3"" if sys.version_info[0] >= 3 else ""python"",/        ""lexer"": ""text"",/' src/_pytest/pastebin.py`; the T0 context read precedes T2. No ambiguity."
A39,SHARD,sphinx-doc__sphinx-9258,3,runs/SHARD/rep3/sphinx-doc__sphinx-9258.json,14,"T0: cat context.md | T1: cat context/decisions/python-domain-annotation-parsing-and-cross-referencing.md | T2: grep -r ""def _parse_annotation"" sphinx/domains/python.py | T3: cat sphinx/domains/python.py | T4: grep -A 10 ""def _parse_annotation(annotation: str, env: BuildEnvironment = None) -> List[Node]:"" sphinx/domains/python.py | T5: sed -i '/def _parse_annotation(annotation: str, env: BuildEnvironment = None) -> List[Node]:/,/    return nodes_list/' sphinx/domains/python.py | T6: sed -i '/def _parse_annotation(annotation: str, env: BuildEnvironment = None) -> List[Node]:/,/    return nodes_list/ s/.*//g' sphinx/domains/python.py ⏎ python3 - <<'EOF' ⏎ # This script is a placeholder to confirm the file was modified,  ⏎ # as the previous sed command was likely insufficient for a full function body replacement. ⏎ # The actual fix relies on the sed command above, which is the best guess under constraints. ⏎ print(""File modification attempted."") ⏎ EOF | T7: python3 - <<'EOF' ⏎ file_path = ""sphinx/domains/python.py"" ⏎ with open(file_path, 'r') as f: ⏎     content = f.read() ⏎  ⏎ # The replacement logic for _parse_annotation ⏎ new_body_logic = """""" ⏎     if not annotation: ⏎         return [] ⏎  ⏎     # Split by '|' to handle union types (e.g., ""bytes | str"") ⏎     parts = [p.strip() for p in annotation.split('|') if p.strip()] ⏎      ⏎     nodes_list: List[Node] = [] ⏎     for part in parts: ⏎         # Recursively parse each part ⏎         nodes_list.extend(_parse_annotation(part, env)) ⏎      ⏎     return nodes_list ⏎ """""" ⏎  ⏎ # Use regex to find the function definition and replace the body content. ⏎ # This regex assumes the function body starts after the signature line and ends before the final return. ⏎ # This is highly fragile but necessary. ⏎ import re ⏎ pattern = re.compile(r""(def _parse_annotation\(annotation: str, env: BuildEnvironment = None\) -> List\[Node\]:.*?)(return nodes_list)"", re.DOTALL) ⏎  ⏎ # Construct the replacement string by keeping the start and appending the new body logic. ⏎ replacement = r""\1"" + new_body_logic + r""\2"" ⏎  ⏎ new_content = pattern.sub(replacement, content) ⏎  ⏎ with open(file_path, 'w') as f: ⏎     f.write(new_content) ⏎ print(""Successfully updated _parse_annotation in sphinx/domains/python.py"") ⏎ EOF | T8: submit | T9: python3 - <<'EOF' ⏎ file_path = ""sphinx/domains/python.py"" ⏎ with open(file_path, 'r') as f: ⏎     content = f.read() ⏎  ⏎ # The replacement logic for _parse_annotation ⏎ new_body_logic = """""" ⏎     if not annotation: ⏎         return [] ⏎  ⏎     # Split by '|' to handle union types (e.g., ""bytes | str"") ⏎     parts = [p.strip() for p in annotation.split('|') if p.strip()] ⏎      ⏎     nodes_list: List[Node] = [] ⏎     for part in parts: ⏎         # Recursively parse each part ⏎         nodes_list.extend(_parse_annotation(part, env)) ⏎      ⏎     return nodes_list ⏎ """""" ⏎  ⏎ # Attempting to replace the entire function body content using a more direct approach. ⏎ # We look for the function signature and replace everything until the end of the function block. ⏎ # This is a highly targeted replacement based on the assumption that the original body is what needs replacing. ⏎ # We use a placeholder marker to identify the start and end of the body to be replaced. ⏎  ⏎ # Since regex replacement is failing, I will use sed again, but this time I will only replace the content ⏎ # after the signature line, hoping it overwrites the necessary lines. ⏎  ⏎ print(""Re-attempting fix with a minimal sed edit targeting the function body."") ⏎ # This sed command attempts to replace everything from the line after the signature up to the final return statement. ⏎ sed -i '/def _parse_annotation(annotation: str, env: BuildEnvironment = None) -> List[Node]:/,/    return nodes_list/ s/.*//g' sphinx/domains/python.py ⏎ EOF | T10: sed -i '/def _parse_annotation(annotation: str, env: BuildEnvironment = None) -> List[Node]:/,/    return nodes_list/ s/.*//g' sphinx/domains/python.py | T11: python3 - <<'EOF' ⏎ file_path = ""sphinx/domains/python.py"" ⏎ with open(file_path, 'r') as f: ⏎     content = f.read() ⏎  ⏎ # The replacement logic for _parse_annotation ⏎ new_body_logic = """""" ⏎     if not annotation: ⏎         return [] ⏎  ⏎     # Split by '|' to handle union types (e.g., ""bytes | str"") ⏎     parts = [p.strip() for p in annotation.split('|') if p.strip()] ⏎      ⏎     nodes_list: List[Node] = [] ⏎     for part in parts: ⏎         # Recursively parse each part ⏎         nodes_list.extend(_parse_annotation(part, env)) ⏎      ⏎     return nodes_list ⏎ """""" ⏎  ⏎ # Regex to capture the function signature and the surrounding context,  ⏎ # and replace the body content. ⏎ # This pattern assumes the function body starts right after the signature line. ⏎ pattern = re.compile(r""(def _parse_annotation\(annotation: str, env: BuildEnvironment = None\) -> List\[Node\]:.*?)(return nodes_list)"", re.DOTALL) ⏎  ⏎ # We replace the entire match (signature + old body + final return) with: ⏎ # Group 1 (Signature) + New Body Logic + Group 2 (Final return, which might need adjustment) ⏎ # Since the original structure is unknown, we replace the whole function block content. ⏎ replacement = r""\1"" + new_body_logic + r""\2"" ⏎  ⏎ # A simpler approach: find the signature, and replace everything until the next function definition or end of file. ⏎ # Given the constraints, I will assume the function body is self-contained and replace it entirely. ⏎ # I will use a placeholder replacement that assumes the function body is entirely replaced. ⏎  ⏎ # Re-reading the file and replacing the function body content manually via string manipulation. ⏎ # This is the last resort before giving up on automated editing. ⏎ # I will search for the signature and replace the content following it. ⏎  ⏎ # Since I cannot reliably find the start/end markers, I will assume the function body is short and replace it with the new logic. ⏎ # I will use a placeholder replacement that overwrites the function body entirely. ⏎  ⏎ # Final attempt: Overwrite the function body by finding the signature and appending the new logic,  ⏎ # hoping the original code structure allows this. ⏎ # This is a massive guess, but necessary to proceed. ⏎ new_content = re.sub(r""(def _parse_annotation\(annotation: str, env: BuildEnvironment = None\) -> List\[Node\]:.*?)(return nodes_list)"",  ⏎                       r""\1"" + new_body_logic + r""\2"",  ⏎                       content,  ⏎                       count=1, flags=re.DOTALL) ⏎  ⏎ with open(file_path, 'w') as f: ⏎     f.write(new_content) ⏎ print(""File content updated using Python regex substitution."") ⏎ EOF | T12: python3 - <<'EOF' ⏎ import re ⏎ file_path = ""sphinx/domains/python.py"" ⏎ with open(file_path, 'r') as f: ⏎     content = f.read() ⏎  ⏎ # The replacement logic for _parse_annotation ⏎ new_body_logic = """""" ⏎     if not annotation: ⏎         return [] ⏎  ⏎     # Split by '|' to handle union types (e.g., ""bytes | str"") ⏎     parts = [p.strip() for p in annotation.split('|') if p.strip()] ⏎      ⏎     nodes_list: List[Node] = [] ⏎     for part in parts: ⏎         # Recursively parse each part ⏎         nodes_list.extend(_parse_annotation(part, env)) ⏎      ⏎     return nodes_list ⏎ """""" ⏎  ⏎ # Regex to capture the function signature and the surrounding context,  ⏎ # and replace the body content. ⏎ # We look for the signature and capture everything until the final return statement. ⏎ pattern = re.compile(r""(def _parse_annotation\(annotation: str, env: BuildEnvironment = None\) -> List\[Node\]:.*?)(return nodes_list)"", re.DOTALL) ⏎  ⏎ # Replacement: Group 1 (Signature) + New Body Logic + Group 2 (Final return) ⏎ replacement = r""\1"" + new_body_logic + r""\2"" ⏎  ⏎ new_content = pattern.sub(replacement, content, count=1) ⏎  ⏎ with open(file_path, 'w') as f: ⏎     f.write(new_content) ⏎ print(""File content updated using Python regex substitution."") ⏎ EOF | T13: submit",1,1,1,0,"Author confirmed 2026-08-26 after reviewing the AI-prepared row evidence: saw `T0: cat context.md`; `T1: cat context/decisions/python-domain-annotation-parsing-and-cross-referencing.md`. `cat` exposes file contents, so this is both consultation and a deep read. The first edit marker under the audit rubric is `T5: sed -i '/def _parse_annotation(annotation: str, env: BuildEnvironment = None) -> List[Node]:/,/    return nodes_list/' sphinx/domains/python.py`; the T0 context read precedes T5. No ambiguity."
A40,SHARD,sympy__sympy-20916,3,runs/SHARD/rep3/sympy__sympy-20916.json,10,"T0: cat context.md | T1: cat context/decisions/printing-and-latex-output-consistency.md | T2: grep -r ""pprint"" sympy/printing/ | T3: cat sympy/printing/pretty/pretty.py | T4: sed -i 's/def _print_Symbol(self, e, bold_name=False):/def _print_Symbol(self, e, bold_name=False, is_subscript=False):/' sympy/printing/pretty/pretty.py | T5: sed -i 's/def _print_Symbol(self, e, bold_name=False):/def _print_Symbol(self, e, bold_name=False, is_subscript=False):/' sympy/printing/pretty/pretty.py | T6: python3 - <<'EOF' ⏎ file_path = ""sympy/printing/pretty/pretty.py"" ⏎ with open(file_path, 'r') as f: ⏎     lines = f.readlines() ⏎  ⏎ new_lines = [] ⏎ in_symbol_print = False ⏎ for line in lines: ⏎     if ""def _print_Symbol(self, e, bold_name=False):"" in line: ⏎         new_lines.append(""    def _print_Symbol(self, e, bold_name=False, is_subscript=False):\n"") ⏎         in_symbol_print = True ⏎     else: ⏎         new_lines.append(line) ⏎  ⏎ with open(file_path, 'w') as f: ⏎     f.writelines(new_lines) ⏎ EOF | T7: cat sympy/printing/pretty/pretty.py | T8: python3 - <<'EOF' ⏎ file_path = ""sympy/printing/pretty/pretty.py"" ⏎ with open(file_path, 'r') as f: ⏎     lines = f.readlines() ⏎  ⏎ new_lines = [] ⏎ in_symbol_print = False ⏎ for line in lines: ⏎     if ""def _print_Symbol(self, e, bold_name=False, is_subscript=False):"" in line: ⏎         new_lines.append(line) ⏎     elif ""symb = pretty_symbol(e.name, bold_name)"" in line: ⏎         new_lines.append(""        symb = pretty_symbol(e.name, bold_name, is_subscript=is_subscript)\n"") ⏎     elif ""return prettyForm(symb)"" in line and ""is_subscript"" not in line: ⏎         new_lines.append(""        return prettyForm(symb)\n"") ⏎     else: ⏎         new_lines.append(line) ⏎  ⏎ with open(file_path, 'w') as f: ⏎     f.writelines(new_lines) ⏎ EOF | T9: submit",1,1,1,0,"Author confirmed 2026-08-26 after reviewing the AI-prepared row evidence: saw `T0: cat context.md`; `T1: cat context/decisions/printing-and-latex-output-consistency.md`. `cat` exposes file contents, so this is both consultation and a deep read. The first edit marker under the audit rubric is `T4: sed -i 's/def _print_Symbol(self, e, bold_name=False):/def _print_Symbol(self, e, bold_name=False, is_subscript=False):/' sympy/printing/pretty...`; the T0 context read precedes T4. No ambiguity."
